"generation"	"timeTotal"	"timeOfIteration"	"fitnessCallCountSoFar"	"fitnessCallCountOfIteration"	"idOfBest"	"costOfBest"	"idOfSecond"	"costOfSecond"	"idOfThird"	"costOfThird"	"idOfWorst"	"costOfWorst"	"idOfMedian"	"costOfMedian"	"diversity"	"geneBalance"	"spentTimeOfMutation"	"spentBudgetOfMutation"	"improvementCountPerRunOfMutation"	"improvementPercentagePerBudgetOfMutation"	"spentTimeOfMutationOnBest"	"spentBudgetOfMutationOnBest"	"improvementCountPerRunOfMutationOnBest"	"improvementPercentagePerBudgetOfMutationOnBest"	"spentTimeOfGeneTransfer"	"spentBudgetOfGeneTransfer"	"improvementCountPerRunOfGeneTransfer"	"improvementPercentagePerBudgetOfGeneTransfer"	"spentTimeOfBoost"	"spentBudgetOfBoost"	"improvementCountPerRunOfBoost"	"improvementPercentagePerBudgetOfBoost"	"spentTimeOfBoostOnBest"	"spentBudgetOfBoostOnBest"	"improvementCountPerRunOfBoostOnBest"	"improvementPercentagePerBudgetOfBoostOnBest"	
2	462	462	430050	430050	47	4017086.835050635	0	4030530.911817603	28	4099029.3333369615	46	4328561.193557035	12	4264220.841407512	1.7976931348623157E308	0.0	35.145200ms	220	1	1.4776789971007024E-4	35.145200ms	220	1	1.4776789971007024E-4	4.352090300s	100	0	0.004440124504129176	0s	0	0	0.0	0s	0	0	0.0	
3	581	118	430370	320	47	3918812.5074388576	0	4030530.911817603	28	4099029.3333369615	44	4328217.194283851	7	4235182.89051388	1.7976931348623157E308	0.0	32.766500ms	220	1	1.1120035674778049E-4	32.766500ms	220	1	1.1120035674778049E-4	825.338600ms	100	0	0.0020652851829898755	0s	0	0	0.0	0s	0	0	0.0	
4	711	130	430690	320	47	3794371.268209652	0	4030530.911817603	28	4099029.3333369615	46	4324503.498862192	4	4224598.645052594	1.7976931348623157E308	0.0	38.998800ms	220	1	1.4434015289648675E-4	38.998800ms	220	1	1.4434015289648675E-4	759.065900ms	100	0	0.0010599817337718065	0s	0	0	0.0	0s	0	0	0.0	
5	839	127	431009	319	47	3763899.9033141416	0	4030530.911817603	28	4099029.3333369615	41	4319267.350860286	38	4221718.656514539	1.7976931348623157E308	0.0	40.147400ms	220	1	3.6503071070284355E-5	40.147400ms	220	1	3.6503071070284355E-5	835.001400ms	100	0	8.379436483809122E-4	0s	0	0	0.0	0s	0	0	0.0	
6	954	115	431328	319	47	3720099.5124416593	0	4030530.911817603	28	4099029.3333369615	41	4319267.350860286	38	4221718.656514539	1.7976931348623157E308	0.0	36.252500ms	220	1	5.289531892405209E-5	36.252500ms	220	1	5.289531892405209E-5	704.867100ms	100	0	0.0	0s	0	0	0.0	0s	0	0	0.0	
7	1082	127	431648	320	47	3650927.974668242	0	4030530.911817603	28	4099029.3333369615	41	4319267.350860286	39	4215961.686243409	1.7976931348623157E308	0.0	41.044ms	220	1	8.451819090772003E-5	41.044ms	220	1	8.451819090772003E-5	781.823200ms	100	0	2.110719112806847E-4	0s	0	0	0.0	0s	0	0	0.0	
8	1241	159	431967	319	47	3596840.4226704044	0	4030530.911817603	28	4099029.3333369615	41	4319267.350860286	36	4214496.937172552	1.7976931348623157E308	0.0	45.054100ms	220	1	6.733973137430111E-5	45.054100ms	220	1	6.733973137430111E-5	946.700800ms	100	0	2.2780954254388418E-4	0s	0	0	0.0	0s	0	0	0.0	
9	1369	127	432287	320	47	3517919.3066654387	0	4030530.911817603	28	4099029.3333369615	41	4319267.350860286	36	4214496.937172552	1.7976931348623157E308	0.0	36.222500ms	220	1	9.97354075582768E-5	36.222500ms	220	1	9.97354075582768E-5	809.293700ms	100	0	2.5535734863550653E-4	0s	0	0	0.0	0s	0	0	0.0	
10	1539	170	432607	320	47	3452028.8145772987	0	4030530.911817603	28	4099029.3333369615	41	4319267.350860286	36	4214496.937172552	1.7976931348623157E308	0.0	84.186100ms	220	1	8.513618723340332E-5	84.186100ms	220	1	8.513618723340332E-5	741.446900ms	100	0	0.0	0s	0	0	0.0	0s	0	0	0.0	
11	1612	73	432927	320	47	3395487.108392508	0	4030530.911817603	28	4099029.3333369615	41	4319267.350860286	36	4214496.937172552	1.7976931348623157E308	0.0	32.001900ms	220	1	7.445121961326507E-5	32.001900ms	220	1	7.445121961326507E-5	318.006900ms	100	0	0.0	0s	0	0	0.0	0s	0	0	0.0	
12	1690	77	433247	320	47	3365636.788321112	0	4030530.911817603	28	4099029.3333369615	41	4319267.350860286	8	4214372.150997527	1.7976931348623157E308	0.0	34.842900ms	220	1	3.995988461167635E-5	34.842900ms	220	1	3.995988461167635E-5	354.663900ms	100	0	1.907012360261262E-4	0s	0	0	0.0	0s	0	0	0.0	
13	1774	83	433567	320	47	3292113.220332162	0	4030530.911817603	28	4099029.3333369615	45	4310140.923177491	6	4209185.124253057	1.7976931348623157E308	0.0	40.278800ms	220	1	9.929711889087008E-5	40.278800ms	220	1	9.929711889087008E-5	359.568900ms	100	0	2.57810018459721E-4	0s	0	0	0.0	0s	0	0	0.0	
14	1847	73	433887	320	47	3237909.9888870143	0	4030530.911817603	28	4099029.3333369615	45	4310140.923177491	6	4209185.124253057	1.7976931348623157E308	0.0	31.167600ms	220	1	7.483895852336855E-5	31.167600ms	220	1	7.483895852336855E-5	350.630900ms	100	0	1.1968372641592784E-4	0s	0	0	0.0	0s	0	0	0.0	
15	1922	75	434207	320	47	3155596.0267664837	0	4030530.911817603	28	4099029.3333369615	45	4310140.923177491	23	4208103.78877375	1.7976931348623157E308	0.0	31.680200ms	220	1	1.1555428488107836E-4	31.680200ms	220	1	1.1555428488107836E-4	367.268500ms	100	0	2.1820578875030082E-4	0s	0	0	0.0	0s	0	0	0.0	
16	1997	75	434527	320	47	3123965.1243996713	0	4030530.911817603	3	4094293.033950727	45	4310140.923177491	27	4202388.684162816	1.7976931348623157E308	0.0	35.443ms	220	1	4.5562495237194185E-5	35.443ms	220	1	4.5562495237194185E-5	330.563300ms	100	0	2.772201915588479E-4	0s	0	0	0.0	0s	0	0	0.0	
17	2084	86	434847	320	47	3056855.9073046395	0	4030530.911817603	3	4094293.033950727	45	4310140.923177491	27	4202388.684162816	1.7976931348623157E308	0.0	39.879400ms	220	1	9.764574306671497E-5	39.879400ms	220	1	9.764574306671497E-5	386.592500ms	100	0	2.1830005849362232E-4	0s	0	0	0.0	0s	0	0	0.0	
18	2156	71	435166	319	47	3016305.058451494	0	4030530.911817603	3	4094293.033950727	45	4310140.923177491	27	4202388.684162816	1.7976931348623157E308	0.0	31.598500ms	220	1	6.029791584258668E-5	31.598500ms	220	1	6.029791584258668E-5	342.389800ms	100	0	0.0	0s	0	0	0.0	0s	0	0	0.0	
19	2240	84	435486	320	47	2964122.4542099223	0	4030530.911817603	3	4094293.033950727	45	4310140.923177491	27	4202388.684162816	1.7976931348623157E308	0.0	39.529100ms	220	1	7.863715739855538E-5	39.529100ms	220	1	7.863715739855538E-5	352.091700ms	100	0	0.0	0s	0	0	0.0	0s	0	0	0.0	
20	2340	99	435805	319	47	2926333.1823826884	0	4030530.911817603	3	4094293.033950727	45	4310140.923177491	4	4194107.120969305	1.7976931348623157E308	0.0	40.573700ms	220	1	5.79495010918171E-5	40.573700ms	220	1	5.79495010918171E-5	427.505900ms	100	0	3.613592266299914E-4	0s	0	0	0.0	0s	0	0	0.0	
21	2413	73	436125	320	47	2896413.435115292	0	4030530.911817603	3	4094293.033950727	45	4310140.923177491	4	4194107.120969305	1.7976931348623157E308	0.0	33.596100ms	220	1	4.6474151348926206E-5	33.596100ms	220	1	4.6474151348926206E-5	334.455500ms	100	0	0.0	0s	0	0	0.0	0s	0	0	0.0	
22	2486	72	436444	319	47	2842102.897624806	0	4030530.911817603	3	4094293.033950727	45	4310140.923177491	4	4194107.120969305	1.7976931348623157E308	0.0	31.586200ms	220	1	8.523164424984211E-5	31.586200ms	220	1	8.523164424984211E-5	345.719500ms	100	0	0.0	0s	0	0	0.0	0s	0	0	0.0	
23	2559	73	436764	320	47	2768110.6380712925	0	4030530.911817603	3	4094293.033950727	45	4310140.923177491	4	4194107.120969305	1.7976931348623157E308	0.0	31.907600ms	220	1	1.1833788734287057E-4	31.907600ms	220	1	1.1833788734287057E-4	345.011900ms	100	0	7.033265141368373E-5	0s	0	0	0.0	0s	0	0	0.0	
24	2632	72	437083	319	47	2751588.770574376	0	4030530.911817603	3	4094293.033950727	45	4310140.923177491	4	4194107.120969305	1.7976931348623157E308	0.0	30.829800ms	220	1	2.713020089601039E-5	30.829800ms	220	1	2.713020089601039E-5	346.064400ms	100	0	0.0	0s	0	0	0.0	0s	0	0	0.0	
25	2721	89	437403	320	47	2723883.8762656376	0	4030530.911817603	3	4094293.033950727	45	4310140.923177491	4	4194107.120969305	1.7976931348623157E308	0.0	43.457800ms	220	1	4.5766772678282585E-5	43.457800ms	220	1	4.5766772678282585E-5	361.296700ms	100	0	0.0	0s	0	0	0.0	0s	0	0	0.0	
26	2809	87	437723	320	47	2657310.443476751	0	4030530.911817603	3	4094293.033950727	45	4310140.923177491	4	4194107.120969305	1.7976931348623157E308	0.0	32.300900ms	220	1	1.1109376406002383E-4	32.300900ms	220	1	1.1109376406002383E-4	476.739400ms	100	0	0.0	0s	0	0	0.0	0s	0	0	0.0	
27	2883	73	438043	320	47	2618844.0017983625	0	4030530.911817603	3	4094293.033950727	45	4310140.923177491	4	4194107.120969305	1.7976931348623157E308	0.0	32.322300ms	220	1	6.579865841558492E-5	32.322300ms	220	1	6.579865841558492E-5	357.943400ms	100	0	1.7489439577877965E-5	0s	0	0	0.0	0s	0	0	0.0	
28	2968	85	438362	319	47	2566744.6782092387	0	4030530.911817603	3	4094293.033950727	45	4310140.923177491	4	4194107.120969305	1.7976931348623157E308	0.0	39.464500ms	220	1	9.042734391993899E-5	39.464500ms	220	1	9.042734391993899E-5	357.681ms	100	0	0.0	0s	0	0	0.0	0s	0	0	0.0	
29	3053	84	438682	320	47	2545598.290055634	0	4030530.911817603	3	4094293.033950727	45	4310140.923177491	4	4194107.120969305	1.7976931348623157E308	0.0	35.229400ms	220	1	3.744819146554496E-5	35.229400ms	220	1	3.744819146554496E-5	436.034400ms	100	0	8.736120172218697E-5	0s	0	0	0.0	0s	0	0	0.0	
30	3125	71	439001	319	47	2505557.7409323314	0	4030530.911817603	3	4094293.033950727	45	4310140.923177491	43	4193068.564092426	1.7976931348623157E308	0.0	32.617500ms	220	1	7.149694306678445E-5	32.617500ms	220	1	7.149694306678445E-5	322.684100ms	100	0	1.0179397783729005E-4	0s	0	0	0.0	0s	0	0	0.0	
31	3199	73	439321	320	47	2466799.8725518505	0	4030530.911817603	3	4094293.033950727	45	4310140.923177491	43	4193068.564092426	1.7976931348623157E308	0.0	33.119ms	220	1	7.031254004812152E-5	33.119ms	220	1	7.031254004812152E-5	339.159400ms	100	0	0.0	0s	0	0	0.0	0s	0	0	0.0	
32	3283	84	439640	319	47	2453104.914291542	0	4030530.911817603	3	4094293.033950727	45	4310140.923177491	43	4193068.564092426	1.7976931348623157E308	0.0	42.625400ms	220	1	2.523504681785688E-5	42.625400ms	220	1	2.523504681785688E-5	361.458800ms	100	0	0.0	0s	0	0	0.0	0s	0	0	0.0	
33	3354	70	439960	320	47	2432722.5827061227	0	4030530.911817603	3	4094293.033950727	45	4310140.923177491	43	4193068.564092426	1.7976931348623157E308	0.0	30.855300ms	220	1	3.776722357537757E-5	30.855300ms	220	1	3.776722357537757E-5	335.966700ms	100	0	0.0	0s	0	0	0.0	0s	0	0	0.0	
34	3440	86	440280	320	47	2349008.7926027845	0	4030530.911817603	3	4094293.033950727	45	4310140.923177491	43	4193068.564092426	1.7976931348623157E308	0.0	42.258500ms	220	1	1.5641620234361673E-4	42.258500ms	220	1	1.5641620234361673E-4	348.720500ms	100	0	5.739194622933486E-6	0s	0	0	0.0	0s	0	0	0.0	
35	3513	73	440600	320	47	2337546.6652709697	0	4030530.911817603	3	4094293.033950727	45	4310140.923177491	43	4193068.564092426	1.7976931348623157E308	0.0	31.618800ms	220	1	2.2179814288071263E-5	31.618800ms	220	1	2.2179814288071263E-5	345.880900ms	100	0	0.0	0s	0	0	0.0	0s	0	0	0.0	
36	3588	74	440919	319	47	2318889.5395639413	0	4030530.911817603	3	4094293.033950727	45	4310140.923177491	43	4193068.564092426	1.7976931348623157E308	0.0	32.366ms	220	1	3.6279539617361574E-5	32.366ms	220	1	3.6279539617361574E-5	337.752100ms	100	0	0.0	0s	0	0	0.0	0s	0	0	0.0	
37	3688	99	441239	320	47	2264930.6917965664	0	4030530.911817603	3	4094293.033950727	45	4310140.923177491	43	4193068.564092426	1.7976931348623157E308	0.0	41.514700ms	220	1	1.0576937179070025E-4	41.514700ms	220	1	1.0576937179070025E-4	468.448600ms	100	0	0.0	0s	0	0	0.0	0s	0	0	0.0	
38	3784	96	441559	320	47	2244702.3857725076	0	4030530.911817603	3	4094293.033950727	45	4310140.923177491	43	4193068.564092426	1.7976931348623157E308	0.0	50.256400ms	220	1	4.059587602257704E-5	50.256400ms	220	1	4.059587602257704E-5	376.696600ms	100	0	0.0	0s	0	0	0.0	0s	0	0	0.0	
39	3869	84	441879	320	47	2230104.1562194726	0	4030530.911817603	3	4094293.033950727	45	4310140.923177491	43	4193068.564092426	1.7976931348623157E308	0.0	42.634200ms	220	1	2.9560974006180446E-5	42.634200ms	220	1	2.9560974006180446E-5	371.102400ms	100	0	0.0	0s	0	0	0.0	0s	0	0	0.0	
40	3944	75	442199	320	47	2218425.677703186	0	4030530.911817603	3	4094293.033950727	45	4310140.923177491	43	4193068.564092426	1.7976931348623157E308	0.0	33.624100ms	220	1	2.3803369500839037E-5	33.624100ms	220	1	2.3803369500839037E-5	330.302800ms	100	0	0.0	0s	0	0	0.0	0s	0	0	0.0	
41	4053	108	442519	320	47	2188053.28600617	0	4030530.911817603	3	4094293.033950727	45	4310140.923177491	43	4193068.564092426	1.7976931348623157E308	0.0	57.944200ms	220	1	6.223166603375337E-5	57.944200ms	220	1	6.223166603375337E-5	402.320600ms	100	0	0.0	0s	0	0	0.0	0s	0	0	0.0	
42	4151	98	442839	320	47	2184197.710098413	0	4030530.911817603	3	4094293.033950727	45	4310140.923177491	43	4193068.564092426	1.7976931348623157E308	0.0	48.576ms	220	1	8.009560437738876E-6	48.576ms	220	1	8.009560437738876E-6	389.561ms	100	0	0.0	0s	0	0	0.0	0s	0	0	0.0	
43	4225	73	443159	320	47	2177157.5866820836	0	4030530.911817603	12	4040293.192765896	45	4310140.923177491	43	4193068.564092426	1.7976931348623157E308	0.0	34.971900ms	220	1	1.4650945212223028E-5	34.971900ms	220	1	1.4650945212223028E-5	333.296ms	100	0	2.396570139097798E-4	0s	0	0	0.0	0s	0	0	0.0	
44	4307	82	443479	320	47	2164200.590736894	0	4030530.911817603	12	4040293.192765896	45	4310140.923177491	43	4193068.564092426	1.7976931348623157E308	0.0	41.621200ms	220	1	2.705152648332326E-5	41.621200ms	220	1	2.705152648332326E-5	359.059200ms	100	0	0.0	0s	0	0	0.0	0s	0	0	0.0	
45	4392	84	443799	320	47	2121694.661084003	0	4030530.911817603	12	4040293.192765896	45	4310140.923177491	43	4193068.564092426	1.7976931348623157E308	0.0	39.337700ms	220	1	8.927489068086774E-5	39.337700ms	220	1	8.927489068086774E-5	355.665600ms	100	0	0.0	0s	0	0	0.0	0s	0	0	0.0	
46	4475	83	444119	320	47	2096390.8632428097	0	4030530.911817603	12	4040293.192765896	45	4310140.923177491	43	4193068.564092426	1.7976931348623157E308	0.0	38.353200ms	220	1	5.4210092066570016E-5	38.353200ms	220	1	5.4210092066570016E-5	378.996200ms	100	0	0.0	0s	0	0	0.0	0s	0	0	0.0	
47	4547	72	444437	318	47	2092920.538296211	0	4030530.911817603	12	4040293.192765896	45	4310140.923177491	43	4193068.564092426	1.7976931348623157E308	0.0	31.806700ms	220	1	7.5244576664109966E-6	31.806700ms	220	1	7.5244576664109966E-6	340.322900ms	100	0	0.0	0s	0	0	0.0	0s	0	0	0.0	
48	4633	85	444757	320	47	2081742.2356126753	0	4030530.911817603	12	4040293.192765896	45	4310140.923177491	43	4193068.564092426	1.7976931348623157E308	0.0	38.751300ms	220	1	2.427730332500231E-5	38.751300ms	220	1	2.427730332500231E-5	412.378200ms	100	0	0.0	0s	0	0	0.0	0s	0	0	0.0	
49	4716	82	445077	320	47	2077139.0451969255	0	4030530.911817603	12	4040293.192765896	45	4310140.923177491	43	4193068.564092426	1.7976931348623157E308	0.0	41.082800ms	220	1	1.0051000763168126E-5	41.082800ms	220	1	1.0051000763168126E-5	360.279400ms	100	0	0.0	0s	0	0	0.0	0s	0	0	0.0	
50	4800	83	445397	320	47	2054976.3124791486	0	4030530.911817603	12	4040293.192765896	45	4310140.923177491	43	4193068.564092426	1.7976931348623157E308	0.0	38.011600ms	220	1	4.849925401222371E-5	38.011600ms	220	1	4.849925401222371E-5	382.002700ms	100	0	0.0	0s	0	0	0.0	0s	0	0	0.0	
51	4888	88	445716	319	47	2052327.1624982245	0	4030530.911817603	12	4040293.192765896	45	4310140.923177491	43	4193068.564092426	1.7976931348623157E308	0.0	34.096300ms	220	1	5.8597224450996805E-6	34.096300ms	220	1	5.8597224450996805E-6	381.071300ms	100	0	0.0	0s	0	0	0.0	0s	0	0	0.0	
52	4964	75	446035	319	47	2040373.6724642764	0	4030530.911817603	12	4040293.192765896	45	4310140.923177491	43	4193068.564092426	1.7976931348623157E308	0.0	32.215300ms	220	1	2.6474358767788272E-5	32.215300ms	220	1	2.6474358767788272E-5	355.507200ms	100	0	0.0	0s	0	0	0.0	0s	0	0	0.0	
53	5048	84	446355	320	47	2032754.838499096	0	4030530.911817603	12	4040293.192765896	45	4310140.923177491	43	4193068.564092426	1.7976931348623157E308	0.0	43.746300ms	220	1	1.6972902535184415E-5	43.746300ms	220	1	1.6972902535184415E-5	359.103800ms	100	0	0.0	0s	0	0	0.0	0s	0	0	0.0	
54	5122	73	446675	320	47	2028356.2310941063	0	4030530.911817603	12	4040293.192765896	45	4310140.923177491	43	4193068.564092426	1.7976931348623157E308	0.0	32.278ms	220	1	9.835750796904907E-6	32.278ms	220	1	9.835750796904907E-6	353.346200ms	100	0	0.0	0s	0	0	0.0	0s	0	0	0.0	
55	5205	83	446994	319	47	2014156.9251732363	0	4030530.911817603	12	4040293.192765896	45	4310140.923177491	43	4193068.564092426	1.7976931348623157E308	0.0	36.998600ms	220	1	3.182000215292741E-5	36.998600ms	220	1	3.182000215292741E-5	363.141800ms	100	0	6.632156798729194E-5	0s	0	0	0.0	0s	0	0	0.0	
56	5288	83	447313	319	47	2011447.0263672094	0	4030530.911817603	12	4040293.192765896	45	4310140.923177491	43	4193068.564092426	1.7976931348623157E308	0.0	38.477100ms	220	1	6.115572074662361E-6	38.477100ms	220	1	6.115572074662361E-6	357.287800ms	100	0	1.3143781250524956E-4	0s	0	0	0.0	0s	0	0	0.0	
57	5371	83	447633	320	47	2010838.5600017142	0	4030530.911817603	12	4040293.192765896	45	4310140.923177491	43	4193068.564092426	1.7976931348623157E308	0.0	38.759900ms	220	1	1.3750082256907599E-6	38.759900ms	220	1	1.3750082256907599E-6	353.688900ms	100	0	0.0	0s	0	0	0.0	0s	0	0	0.0	
58	5460	88	447952	319	47	1996094.6941874544	0	4030530.911817603	12	4040293.192765896	45	4310140.923177491	43	4193068.564092426	1.7976931348623157E308	0.0	41.332700ms	220	1	3.3328171249581325E-5	41.332700ms	220	1	3.3328171249581325E-5	380.157700ms	100	0	0.0	0s	0	0	0.0	0s	0	0	0.0	
59	5553	92	448272	320	47	1990563.1043343707	0	4030530.911817603	12	4040293.192765896	45	4310140.923177491	43	4193068.564092426	1.7976931348623157E308	0.0	45.310700ms	220	1	1.259639150111796E-5	45.310700ms	220	1	1.259639150111796E-5	373.310500ms	100	0	0.0	0s	0	0	0.0	0s	0	0	0.0	
60	5648	95	448592	320	47	1974553.5483057671	0	4030530.911817603	12	4040293.192765896	45	4310140.923177491	43	4193068.564092426	1.7976931348623157E308	0.0	49.909600ms	220	1	3.6557850922922215E-5	49.909600ms	220	1	3.6557850922922215E-5	362.843ms	100	0	2.2704329889569053E-5	0s	0	0	0.0	0s	0	0	0.0	
61	5720	71	448912	320	47	1968920.406303343	0	4030530.911817603	12	4040293.192765896	45	4310140.923177491	43	4193068.564092426	1.7976931348623157E308	0.0	32.478600ms	220	1	1.2967584972349944E-5	32.478600ms	220	1	1.2967584972349944E-5	345.373600ms	100	0	0.0	0s	0	0	0.0	0s	0	0	0.0	
62	5815	94	449232	320	47	1955479.7547088496	0	4030530.911817603	12	4040293.192765896	45	4310140.923177491	11	4189090.113500989	1.7976931348623157E308	0.0	46.418100ms	220	1	3.102912168946668E-5	46.418100ms	220	1	3.102912168946668E-5	405.790900ms	100	0	3.1920546460917354E-4	0s	0	0	0.0	0s	0	0	0.0	
63	5888	72	449552	320	47	1931255.887443058	0	4030530.911817603	12	4040293.192765896	45	4310140.923177491	11	4189090.113500989	1.7976931348623157E308	0.0	32.300200ms	220	1	5.63076591852386E-5	32.300200ms	220	1	5.63076591852386E-5	353.710100ms	100	0	0.0	0s	0	0	0.0	0s	0	0	0.0	
64	5973	84	449872	320	47	1929735.7013670027	0	4030530.911817603	12	4040293.192765896	45	4310140.923177491	11	4189090.113500989	1.7976931348623157E308	0.0	32.027800ms	220	1	3.5779498482152955E-6	32.027800ms	220	1	3.5779498482152955E-6	404.325900ms	100	0	0.0	0s	0	0	0.0	0s	0	0	0.0	
65	6057	83	450192	320	47	1924438.287559841	0	4030530.911817603	12	4040293.192765896	45	4310140.923177491	11	4189090.113500989	1.7976931348623157E308	0.0	39.805200ms	220	1	1.2477954184015266E-5	39.805200ms	220	1	1.2477954184015266E-5	359.334800ms	100	0	0.0	0s	0	0	0.0	0s	0	0	0.0	
66	6129	72	450512	320	47	1922142.6903721269	0	4030530.911817603	12	4040293.192765896	45	4310140.923177491	11	4189090.113500989	1.7976931348623157E308	0.0	30.573800ms	220	1	5.422118619692732E-6	30.573800ms	220	1	5.422118619692732E-6	350.562900ms	100	0	0.0	0s	0	0	0.0	0s	0	0	0.0	
67	6220	90	450832	320	47	1916342.173445652	0	4030530.911817603	12	4040293.192765896	45	4310140.923177491	11	4189090.113500989	1.7976931348623157E308	0.0	45.386200ms	220	1	1.371697645627289E-5	45.386200ms	220	1	1.371697645627289E-5	360.006ms	100	0	0.0	0s	0	0	0.0	0s	0	0	0.0	
68	6311	91	451152	320	47	1912525.4688093362	39	3886866.7627711073	0	4030530.911817603	45	4310140.923177491	9	4187054.39644163	1.7976931348623157E308	0.0	45.914600ms	220	1	9.053006127086996E-6	45.914600ms	220	1	9.053006127086996E-6	374.489400ms	100	0	7.805927756557451E-4	0s	0	0	0.0	0s	0	0	0.0	
69	6402	91	451472	320	47	1904883.1409555778	39	3886866.7627711073	0	4030530.911817603	45	4310140.923177491	9	4187054.39644163	1.7976931348623157E308	0.0	34.874200ms	220	1	1.8163341846812805E-5	34.874200ms	220	1	1.8163341846812805E-5	415.961500ms	100	0	0.0	0s	0	0	0.0	0s	0	0	0.0	
70	6485	82	451791	319	47	1892363.9788131432	39	3886866.7627711073	0	4030530.911817603	45	4310140.923177491	9	4187054.39644163	1.7976931348623157E308	0.0	42.261ms	220	1	2.987337188414919E-5	42.261ms	220	1	2.987337188414919E-5	347.414500ms	100	0	0.0	0s	0	0	0.0	0s	0	0	0.0	
71	6568	83	452110	319	47	1891456.8201927275	39	3886866.7627711073	0	4030530.911817603	45	4310140.923177491	9	4187054.39644163	1.7976931348623157E308	0.0	41.232800ms	220	1	2.1789932173635593E-6	41.232800ms	220	1	2.1789932173635593E-6	369.847400ms	100	0	0.0	0s	0	0	0.0	0s	0	0	0.0	
72	6651	83	452430	320	47	1888507.2900924154	39	3886866.7627711073	0	4030530.911817603	45	4310140.923177491	9	4187054.39644163	1.7976931348623157E308	0.0	40.846400ms	220	1	7.088163397804926E-6	40.846400ms	220	1	7.088163397804926E-6	359.369900ms	100	0	7.014941905368777E-5	0s	0	0	0.0	0s	0	0	0.0	
73	6725	73	452750	320	47	1881914.140789868	39	3886866.7627711073	0	4030530.911817603	45	4310140.923177491	9	4187054.39644163	1.7976931348623157E308	0.0	31.639800ms	220	1	1.5869073221664765E-5	31.639800ms	220	1	1.5869073221664765E-5	348.886ms	100	0	0.0	0s	0	0	0.0	0s	0	0	0.0	
74	6809	83	453070	320	47	1878538.5096503862	39	3886866.7627711073	0	4030530.911817603	45	4310140.923177491	9	4187054.39644163	1.7976931348623157E308	0.0	40.586400ms	220	1	8.153282646728887E-6	40.586400ms	220	1	8.153282646728887E-6	357.434900ms	100	0	0.0	0s	0	0	0.0	0s	0	0	0.0	
75	6895	86	453390	320	47	1875162.2943108242	39	3886866.7627711073	0	4030530.911817603	45	4310140.923177491	9	4187054.39644163	1.7976931348623157E308	0.0	37.644100ms	220	1	8.169347225413868E-6	37.644100ms	220	1	8.169347225413868E-6	396.664200ms	100	0	0.0	0s	0	0	0.0	0s	0	0	0.0	
76	6979	83	453710	320	47	1855010.038285963	39	3886866.7627711073	0	4030530.911817603	45	4310140.923177491	9	4187054.39644163	1.7976931348623157E308	0.0	39.024400ms	220	1	4.8849725715626786E-5	39.024400ms	220	1	4.8849725715626786E-5	343.686700ms	100	0	0.0	0s	0	0	0.0	0s	0	0	0.0	
77	7050	71	454030	320	47	1849662.3223852634	39	3886866.7627711073	0	4030530.911817603	45	4310140.923177491	9	4187054.39644163	1.7976931348623157E308	0.0	30.421100ms	220	1	1.3103864155417088E-5	30.421100ms	220	1	1.3103864155417088E-5	340.286700ms	100	0	0.0	0s	0	0	0.0	0s	0	0	0.0	
78	7137	86	454350	320	47	1844503.7617187349	39	3886866.7627711073	0	4030530.911817603	45	4310140.923177491	9	4187054.39644163	1.7976931348623157E308	0.0	40.341700ms	220	1	1.2676910128891797E-5	40.341700ms	220	1	1.2676910128891797E-5	378.476900ms	100	0	0.0	0s	0	0	0.0	0s	0	0	0.0	
79	7222	84	454670	320	47	1836496.1082972072	39	3886866.7627711073	0	4030530.911817603	45	4310140.923177491	9	4187054.39644163	1.7976931348623157E308	0.0	43.565100ms	220	1	1.973345102283278E-5	43.565100ms	220	1	1.973345102283278E-5	364.728500ms	100	0	0.0	0s	0	0	0.0	0s	0	0	0.0	
80	7305	83	454990	320	47	1832679.4477436023	39	3886866.7627711073	0	4030530.911817603	45	4310140.923177491	9	4187054.39644163	1.7976931348623157E308	0.0	43.800400ms	220	1	9.446498134932621E-6	43.800400ms	220	1	9.446498134932621E-6	333.876400ms	100	0	0.0	0s	0	0	0.0	0s	0	0	0.0	
81	7391	86	455310	320	47	1819927.6145603897	39	3886866.7627711073	0	4030530.911817603	45	4310140.923177491	9	4187054.39644163	1.7976931348623157E308	0.0	32.084900ms	220	1	3.1627395711168105E-5	32.084900ms	220	1	3.1627395711168105E-5	424.073800ms	100	0	0.0	0s	0	0	0.0	0s	0	0	0.0	
82	7469	78	455630	320	47	1815638.084957674	39	3886866.7627711073	0	4030530.911817603	45	4310140.923177491	9	4187054.39644163	1.7976931348623157E308	0.0	36.899600ms	220	1	1.0713536997039333E-5	36.899600ms	220	1	1.0713536997039333E-5	356.017600ms	100	0	0.0	0s	0	0	0.0	0s	0	0	0.0	
83	7555	85	455949	319	47	1811278.86181025	39	3886866.7627711073	0	4030530.911817603	45	4310140.923177491	9	4187054.39644163	1.7976931348623157E308	0.0	37.989900ms	220	1	1.0913326193292853E-5	37.989900ms	220	1	1.0913326193292853E-5	388.481400ms	100	0	0.0	0s	0	0	0.0	0s	0	0	0.0	
84	7647	92	456269	320	47	1809693.9517863428	39	3886866.7627711073	0	4030530.911817603	45	4310140.923177491	9	4187054.39644163	1.7976931348623157E308	0.0	48.287800ms	220	1	3.977375667657041E-6	48.287800ms	220	1	3.977375667657041E-6	382.545800ms	100	0	0.0	0s	0	0	0.0	0s	0	0	0.0	
85	7749	101	456589	320	47	1803975.8084497142	39	3886866.7627711073	0	4030530.911817603	45	4310140.923177491	9	4187054.39644163	1.7976931348623157E308	0.0	57.827600ms	220	1	1.4362406745838107E-5	57.827600ms	220	1	1.4362406745838107E-5	358.178700ms	100	0	0.0	0s	0	0	0.0	0s	0	0	0.0	
86	7846	97	456908	319	47	1803234.0587898057	39	3886866.7627711073	0	4030530.911817603	45	4310140.923177491	9	4187054.39644163	1.7976931348623157E308	0.0	53.864300ms	220	1	1.8689770380669374E-6	53.864300ms	220	1	1.8689770380669374E-6	357.394ms	100	0	0.0	0s	0	0	0.0	0s	0	0	0.0	
87	7918	71	457227	319	47	1799421.9715214178	39	3886866.7627711073	0	4030530.911817603	45	4310140.923177491	9	4187054.39644163	1.7976931348623157E308	0.0	32.349600ms	220	1	9.609218125234359E-6	32.349600ms	220	1	9.609218125234359E-6	336.74ms	100	0	0.0	0s	0	0	0.0	0s	0	0	0.0	
88	7999	81	457547	320	47	1796219.397291125	39	3886866.7627711073	0	4030530.911817603	45	4310140.923177491	9	4187054.39644163	1.7976931348623157E308	0.0	41.070800ms	220	1	8.08990654923014E-6	41.070800ms	220	1	8.08990654923014E-6	345.191400ms	100	0	0.0	0s	0	0	0.0	0s	0	0	0.0	
89	8131	132	457867	320	47	1794781.746995919	39	3886866.7627711073	0	4030530.911817603	45	4310140.923177491	9	4187054.39644163	1.7976931348623157E308	0.0	73.549800ms	220	1	3.6380712060973316E-6	73.549800ms	220	1	3.6380712060973316E-6	437.990600ms	100	0	0.0	0s	0	0	0.0	0s	0	0	0.0	
90	8214	83	458187	320	47	1791994.012435344	39	3886866.7627711073	0	4030530.911817603	45	4310140.923177491	9	4187054.39644163	1.7976931348623157E308	0.0	36.539900ms	220	1	7.0602014707891884E-6	36.539900ms	220	1	7.0602014707891884E-6	385.777100ms	100	0	0.0	0s	0	0	0.0	0s	0	0	0.0	
91	8308	93	458506	319	47	1786869.9065896447	39	3886866.7627711073	0	4030530.911817603	45	4310140.923177491	38	4178744.102978888	1.7976931348623157E308	0.0	53.380200ms	220	1	1.299747099939852E-5	53.380200ms	220	1	1.299747099939852E-5	352.858400ms	100	0	1.8568631351030817E-4	0s	0	0	0.0	0s	0	0	0.0	
92	8389	81	458825	319	47	1783576.3639291513	39	3886866.7627711073	0	4030530.911817603	45	4310140.923177491	38	4178744.102978888	1.7976931348623157E308	0.0	40.353300ms	220	1	8.378141241048954E-6	40.353300ms	220	1	8.378141241048954E-6	348.354300ms	100	0	0.0	0s	0	0	0.0	0s	0	0	0.0	
93	8462	72	459145	320	47	1783128.4260935467	39	3886866.7627711073	0	4030530.911817603	45	4310140.923177491	38	4178744.102978888	1.7976931348623157E308	0.0	30.932800ms	220	1	1.141572131200959E-6	30.932800ms	220	1	1.141572131200959E-6	340.949ms	100	0	9.042544253533569E-5	0s	0	0	0.0	0s	0	0	0.0	
94	8579	117	459465	320	47	1779801.230624827	39	3886866.7627711073	0	4030530.911817603	45	4310140.923177491	38	4178744.102978888	1.7976931348623157E308	0.0	77.021900ms	220	1	8.481506741519535E-6	77.021900ms	220	1	8.481506741519535E-6	345.208ms	100	0	0.0	0s	0	0	0.0	0s	0	0	0.0	
95	8652	72	459785	320	47	1778040.1670623806	39	3886866.7627711073	0	4030530.911817603	45	4310140.923177491	38	4178744.102978888	1.7976931348623157E308	0.0	33.858800ms	220	1	4.497600202212954E-6	33.858800ms	220	1	4.497600202212954E-6	330.113ms	100	0	0.0	0s	0	0	0.0	0s	0	0	0.0	
96	8723	70	460105	320	47	1777234.7966667274	39	3886866.7627711073	0	4030530.911817603	45	4310140.923177491	38	4178744.102978888	1.7976931348623157E308	0.0	30.396200ms	220	1	2.058881792161243E-6	30.396200ms	220	1	2.058881792161243E-6	340.741100ms	100	0	0.0	0s	0	0	0.0	0s	0	0	0.0	
97	8793	69	460425	320	47	1772123.5398886593	39	3886866.7627711073	0	4030530.911817603	45	4310140.923177491	38	4178744.102978888	1.7976931348623157E308	0.0	29.787ms	220	1	1.3072546969274755E-5	29.787ms	220	1	1.3072546969274755E-5	337.089700ms	100	0	0.0	0s	0	0	0.0	0s	0	0	0.0	
98	8875	82	460744	319	47	1764525.595795733	39	3886866.7627711073	0	4030530.911817603	45	4310140.923177491	38	4178744.102978888	1.7976931348623157E308	0.0	43.028200ms	220	1	1.948854509063811E-5	43.028200ms	220	1	1.948854509063811E-5	338.787500ms	100	0	0.0	0s	0	0	0.0	0s	0	0	0.0	
99	8948	72	461064	320	47	1759123.1359161406	39	3886866.7627711073	0	4030530.911817603	45	4310140.923177491	38	4178744.102978888	1.7976931348623157E308	0.0	32.849900ms	220	1	1.3916848741009472E-5	32.849900ms	220	1	1.3916848741009472E-5	333.826400ms	100	0	0.0	0s	0	0	0.0	0s	0	0	0.0	
100	9044	96	461384	320	47	1755647.3157192061	39	3886866.7627711073	0	4030530.911817603	45	4310140.923177491	38	4178744.102978888	1.7976931348623157E308	0.0	46.361ms	220	1	8.981282998765661E-6	46.361ms	220	1	8.981282998765661E-6	386.963600ms	100	0	0.0	0s	0	0	0.0	0s	0	0	0.0	
101	9126	81	461704	320	47	1753264.5730690495	39	3886866.7627711073	0	4030530.911817603	45	4310140.923177491	38	4178744.102978888	1.7976931348623157E308	0.0	38.352700ms	220	1	6.169034243284784E-6	38.352700ms	220	1	6.169034243284784E-6	352.761700ms	100	0	0.0	0s	0	0	0.0	0s	0	0	0.0	
102	9251	124	462023	319	47	1748208.6815025867	39	3886866.7627711073	0	4030530.911817603	45	4310140.923177491	38	4178744.102978888	1.7976931348623157E308	0.0	78.301200ms	220	1	1.3107733798485188E-5	78.301200ms	220	1	1.3107733798485188E-5	381.358700ms	100	0	0.0	0s	0	0	0.0	0s	0	0	0.0	
103	9337	86	462343	320	47	1744987.1010650476	39	3886866.7627711073	0	4030530.911817603	45	4310140.923177491	38	4178744.102978888	1.7976931348623157E308	0.0	34.979500ms	220	1	8.376315481269229E-6	34.979500ms	220	1	8.376315481269229E-6	426.282300ms	100	0	0.0	0s	0	0	0.0	0s	0	0	0.0	
104	9420	83	462663	320	47	1740776.494000031	39	3886866.7627711073	0	4030530.911817603	45	4310140.923177491	38	4178744.102978888	1.7976931348623157E308	0.0	42.076200ms	220	1	1.0968059884867356E-5	42.076200ms	220	1	1.0968059884867356E-5	353.454800ms	100	0	0.0	0s	0	0	0.0	0s	0	0	0.0	
105	9492	71	462983	320	47	1737882.3235942475	39	3886866.7627711073	0	4030530.911817603	45	4310140.923177491	38	4178744.102978888	1.7976931348623157E308	0.0	31.644ms	220	1	7.55715628722655E-6	31.644ms	220	1	7.55715628722655E-6	339.787900ms	100	0	0.0	0s	0	0	0.0	0s	0	0	0.0	
106	9656	164	463303	320	47	1734432.4256397476	39	3886866.7627711073	0	4030530.911817603	45	4310140.923177491	38	4178744.102978888	1.7976931348623157E308	0.0	119.355500ms	220	1	9.023254408966038E-6	119.355500ms	220	1	9.023254408966038E-6	363.818800ms	100	0	0.0	0s	0	0	0.0	0s	0	0	0.0	
107	9741	84	463622	319	47	1733539.2775339119	39	3886866.7627711073	0	4030530.911817603	45	4310140.923177491	38	4178744.102978888	1.7976931348623157E308	0.0	38.767600ms	220	1	2.3406873957268733E-6	38.767600ms	220	1	2.3406873957268733E-6	367.278200ms	100	0	0.0	0s	0	0	0.0	0s	0	0	0.0	
108	9823	81	463942	320	47	1732850.4304878737	39	3886866.7627711073	0	4030530.911817603	45	4310140.923177491	38	4178744.102978888	1.7976931348623157E308	0.0	35.851600ms	220	1	1.8062024766991995E-6	35.851600ms	220	1	1.8062024766991995E-6	393.793100ms	100	0	0.0	0s	0	0	0.0	0s	0	0	0.0	
109	10161	338	464260	318	47	1729420.0799403174	39	3886866.7627711073	0	4030530.911817603	45	4310140.923177491	44	4178213.7854283513	1.7976931348623157E308	0.0	294.077400ms	220	1	8.998181386320066E-6	294.077400ms	220	1	8.998181386320066E-6	365.274900ms	100	0	9.258213877801236E-5	0s	0	0	0.0	0s	0	0	0.0	
110	10247	86	464580	320	47	1727136.262945232	39	3886866.7627711073	0	4030530.911817603	45	4310140.923177491	44	4178213.7854283513	1.7976931348623157E308	0.0	39.535400ms	220	1	6.002582288541528E-6	39.535400ms	220	1	6.002582288541528E-6	391.230800ms	100	0	0.0	0s	0	0	0.0	0s	0	0	0.0	
111	10336	88	464900	320	47	1719449.247969238	39	3886866.7627711073	0	4030530.911817603	45	4310140.923177491	44	4178213.7854283513	1.7976931348623157E308	0.0	43.660800ms	220	1	2.02305851097267E-5	43.660800ms	220	1	2.02305851097267E-5	392.541300ms	100	0	0.0	0s	0	0	0.0	0s	0	0	0.0	
112	10435	98	465219	319	47	1712166.7393402194	39	3886866.7627711073	0	4030530.911817603	45	4310140.923177491	44	4178213.7854283513	1.7976931348623157E308	0.0	56.132ms	220	1	1.9251694686063146E-5	56.132ms	220	1	1.9251694686063146E-5	374.116500ms	100	0	0.0	0s	0	0	0.0	0s	0	0	0.0	
113	10548	113	465539	320	47	1705659.159849808	39	3886866.7627711073	0	4030530.911817603	45	4310140.923177491	44	4178213.7854283513	1.7976931348623157E308	0.0	69.329900ms	220	1	1.7276300312898195E-5	69.329900ms	220	1	1.7276300312898195E-5	383.561500ms	100	0	1.5707104871220511E-4	0s	0	0	0.0	0s	0	0	0.0	
114	10622	74	465859	320	47	1701897.5140855818	39	3886866.7627711073	0	4030530.911817603	45	4310140.923177491	44	4178213.7854283513	1.7976931348623157E308	0.0	33.461100ms	220	1	1.0024505622153634E-5	33.461100ms	220	1	1.0024505622153634E-5	349.443900ms	100	0	4.300432315608727E-5	0s	0	0	0.0	0s	0	0	0.0	
115	10706	83	466179	320	47	1700869.6347897837	39	3886866.7627711073	0	4030530.911817603	45	4310140.923177491	44	4178213.7854283513	1.7976931348623157E308	0.0	41.677ms	220	1	2.745276127730739E-6	41.677ms	220	1	2.745276127730739E-6	373.756900ms	100	0	0.0	0s	0	0	0.0	0s	0	0	0.0	
116	10781	74	466499	320	47	1698445.228229728	39	3886866.7627711073	0	4030530.911817603	45	4310140.923177491	44	4178213.7854283513	1.7976931348623157E308	0.0	33.561700ms	220	1	6.479056121074598E-6	33.561700ms	220	1	6.479056121074598E-6	368.326200ms	100	0	0.0	0s	0	0	0.0	0s	0	0	0.0	
117	10875	93	466819	320	47	1685630.166904368	39	3886866.7627711073	0	4030530.911817603	45	4310140.923177491	44	4178213.7854283513	1.7976931348623157E308	0.0	52.134ms	220	1	3.4296236218550605E-5	52.134ms	220	1	3.4296236218550605E-5	366.549ms	100	0	0.0	0s	0	0	0.0	0s	0	0	0.0	
118	10970	95	467139	320	47	1683976.4048438587	39	3886866.7627711073	0	4030530.911817603	45	4310140.923177491	44	4178213.7854283513	1.7976931348623157E308	0.0	50.931700ms	220	1	4.459519307753961E-6	50.931700ms	220	1	4.459519307753961E-6	380.118300ms	100	0	0.0	0s	0	0	0.0	0s	0	0	0.0	
119	11043	73	467458	319	47	1682158.857948598	39	3886866.7627711073	0	4030530.911817603	45	4310140.923177491	44	4178213.7854283513	1.7976931348623157E308	0.0	32.360300ms	220	1	4.905993203275177E-6	32.360300ms	220	1	4.905993203275177E-6	350.646100ms	100	0	0.0	0s	0	0	0.0	0s	0	0	0.0	
120	11118	74	467778	320	47	1680125.8082529416	39	3886866.7627711073	0	4030530.911817603	45	4310140.923177491	44	4178213.7854283513	1.7976931348623157E308	0.0	32.918400ms	220	1	5.493616097308373E-6	32.918400ms	220	1	5.493616097308373E-6	360.049ms	100	0	0.0	0s	0	0	0.0	0s	0	0	0.0	
121	11201	83	468098	320	47	1679330.6644211316	39	3886866.7627711073	0	4030530.911817603	45	4310140.923177491	44	4178213.7854283513	1.7976931348623157E308	0.0	41.949100ms	220	1	2.151202086675408E-6	41.949100ms	220	1	2.151202086675408E-6	353.419100ms	100	0	0.0	0s	0	0	0.0	0s	0	0	0.0	
122	11288	86	468418	320	47	1679134.6802860629	39	3886866.7627711073	0	4030530.911817603	45	4310140.923177491	44	4178213.7854283513	1.7976931348623157E308	0.0	44.861900ms	220	1	5.304714529772638E-7	44.861900ms	220	1	5.304714529772638E-7	375.728200ms	100	0	0.0	0s	0	0	0.0	0s	0	0	0.0	
123	11372	83	468738	320	47	1677575.5001006415	39	3886866.7627711073	0	4030530.911817603	45	4310140.923177491	44	4178213.7854283513	1.7976931348623157E308	0.0	40.997ms	220	1	4.220735087074273E-6	40.997ms	220	1	4.220735087074273E-6	363.234600ms	100	0	1.073633344101932E-6	0s	0	0	0.0	0s	0	0	0.0	
124	11457	85	469058	320	47	1676807.8796516971	39	3886866.7627711073	0	4030530.911817603	45	4310140.923177491	44	4178213.7854283513	1.7976931348623157E308	0.0	44.394800ms	220	1	2.079896766869129E-6	44.394800ms	220	1	2.079896766869129E-6	357.822200ms	100	0	0.0	0s	0	0	0.0	0s	0	0	0.0	
125	11540	82	469376	318	47	1675214.9283705868	39	3886866.7627711073	0	4030530.911817603	45	4310140.923177491	44	4178213.7854283513	1.7976931348623157E308	0.0	40.837100ms	220	1	4.318137891214229E-6	40.837100ms	220	1	4.318137891214229E-6	367.187900ms	100	0	0.0	0s	0	0	0.0	0s	0	0	0.0	
126	11637	97	469696	320	47	1674360.581801466	39	3886866.7627711073	0	4030530.911817603	45	4310140.923177491	44	4178213.7854283513	1.7976931348623157E308	0.0	52.546100ms	220	1	2.318146424220871E-6	52.546100ms	220	1	2.318146424220871E-6	366.628700ms	100	0	0.0	0s	0	0	0.0	0s	0	0	0.0	
127	11711	73	470016	320	47	1673966.7709133977	39	3886866.7627711073	0	4030530.911817603	45	4310140.923177491	44	4178213.7854283513	1.7976931348623157E308	0.0	33.134600ms	220	1	1.0690943818644519E-6	33.134600ms	220	1	1.0690943818644519E-6	345.011ms	100	0	0.0	0s	0	0	0.0	0s	0	0	0.0	
128	11817	105	470336	320	47	1673782.499801446	39	3886866.7627711073	0	4030530.911817603	45	4310140.923177491	44	4178213.7854283513	1.7976931348623157E308	0.0	63.462300ms	220	1	5.003659439188497E-7	63.462300ms	220	1	5.003659439188497E-7	368.393700ms	100	0	0.0	0s	0	0	0.0	0s	0	0	0.0	
129	11888	71	470655	319	47	1673632.7137610775	39	3886866.7627711073	0	4030530.911817603	45	4310140.923177491	44	4178213.7854283513	1.7976931348623157E308	0.0	31.349400ms	220	1	4.067706754726987E-7	31.349400ms	220	1	4.067706754726987E-7	355.489900ms	100	0	0.0	0s	0	0	0.0	0s	0	0	0.0	
130	11970	81	470975	320	47	1673259.5821534684	39	3886866.7627711073	0	4030530.911817603	45	4310140.923177491	44	4178213.7854283513	1.7976931348623157E308	0.0	40.770500ms	220	1	1.013396038398249E-6	40.770500ms	220	1	1.013396038398249E-6	351.078ms	100	0	0.0	0s	0	0	0.0	0s	0	0	0.0	
131	12064	94	471295	320	47	1672781.432544821	39	3886866.7627711073	0	4030530.911817603	45	4310140.923177491	44	4178213.7854283513	1.7976931348623157E308	0.0	48.352400ms	220	1	1.298906239781784E-6	48.352400ms	220	1	1.298906239781784E-6	393.631900ms	100	0	0.0	0s	0	0	0.0	0s	0	0	0.0	
132	12148	83	471615	320	47	1672322.9181621107	39	3886866.7627711073	0	4030530.911817603	45	4310140.923177491	44	4178213.7854283513	1.7976931348623157E308	0.0	42.713300ms	220	1	1.2459226558221697E-6	42.713300ms	220	1	1.2459226558221697E-6	352.424500ms	100	0	0.0	0s	0	0	0.0	0s	0	0	0.0	
133	12221	72	471935	320	47	1670599.3635757898	39	3886866.7627711073	0	4030530.911817603	45	4310140.923177491	44	4178213.7854283513	1.7976931348623157E308	0.0	31.860500ms	220	1	4.684704696471632E-6	31.860500ms	220	1	4.684704696471632E-6	357.903600ms	100	0	0.0	0s	0	0	0.0	0s	0	0	0.0	
134	12294	73	472255	320	47	1669698.3304378863	39	3886866.7627711073	0	4030530.911817603	45	4310140.923177491	44	4178213.7854283513	1.7976931348623157E308	0.0	33.276300ms	220	1	2.45157831469692E-6	33.276300ms	220	1	2.45157831469692E-6	350.491700ms	100	0	0.0	0s	0	0	0.0	0s	0	0	0.0	
135	12379	85	472575	320	47	1669267.9594932846	39	3886866.7627711073	0	4030530.911817603	45	4310140.923177491	44	4178213.7854283513	1.7976931348623157E308	0.0	44.116200ms	220	1	1.1716077872930326E-6	44.116200ms	220	1	1.1716077872930326E-6	354.720100ms	100	0	0.0	0s	0	0	0.0	0s	0	0	0.0	
136	12451	72	472895	320	47	1668921.6692205286	39	3886866.7627711073	0	4030530.911817603	45	4310140.923177491	44	4178213.7854283513	1.7976931348623157E308	0.0	30.618700ms	220	1	9.429562733733541E-7	30.618700ms	220	1	9.429562733733541E-7	365.513300ms	100	0	0.0	0s	0	0	0.0	0s	0	0	0.0	
137	12533	82	473215	320	47	1668596.962407441	39	3886866.7627711073	0	4030530.911817603	45	4310140.923177491	44	4178213.7854283513	1.7976931348623157E308	0.0	41.978800ms	220	1	8.843674851306952E-7	41.978800ms	220	1	8.843674851306952E-7	345.510100ms	100	0	0.0	0s	0	0	0.0	0s	0	0	0.0	
138	12605	72	473534	319	47	1666984.5314509424	39	3886866.7627711073	0	4030530.911817603	45	4310140.923177491	19	4176075.5756339375	1.7976931348623157E308	0.0	32.232100ms	220	1	4.3924517337453915E-6	32.232100ms	220	1	4.3924517337453915E-6	339.026900ms	100	0	3.2737577722662395E-5	0s	0	0	0.0	0s	0	0	0.0	
139	12678	72	473853	319	47	1666261.2367072173	39	3886866.7627711073	0	4030530.911817603	45	4310140.923177491	19	4176075.5756339375	1.7976931348623157E308	0.0	31.3ms	220	1	1.972245883833581E-6	31.3ms	220	1	1.972245883833581E-6	350.300700ms	100	0	0.0	0s	0	0	0.0	0s	0	0	0.0	
140	12773	95	474172	319	47	1665880.0267746646	39	3886866.7627711073	0	4030530.911817603	45	4310140.923177491	19	4176075.5756339375	1.7976931348623157E308	0.0	49.509100ms	220	1	1.0399164203796345E-6	49.509100ms	220	1	1.0399164203796345E-6	394.888ms	100	0	0.0	0s	0	0	0.0	0s	0	0	0.0	
141	12846	72	474492	320	47	1663312.505852058	39	3886866.7627711073	0	4030530.911817603	45	4310140.923177491	19	4176075.5756339375	1.7976931348623157E308	0.0	32.685300ms	220	1	7.005636336733638E-6	32.685300ms	220	1	7.005636336733638E-6	340.264500ms	100	0	0.0	0s	0	0	0.0	0s	0	0	0.0	
142	12939	93	474812	320	47	1663312.505852058	39	3886866.7627711073	0	4030530.911817603	45	4310140.923177491	19	4176075.5756339375	1.7976931348623157E308	0.0	52.101500ms	220	0	0.0	52.101500ms	220	0	0.0	361.994600ms	100	0	0.0	0s	0	0	0.0	0s	0	0	0.0	
143	13151	211	476133	1321	47	1658291.8614735028	39	3886866.7627711073	0	4030530.911817603	45	4310140.923177491	19	4176075.5756339375	1.7976931348623157E308	0.0	30.514200ms	220	1	1.3720278499273536E-5	30.514200ms	220	1	1.3720278499273536E-5	345.426300ms	100	0	0.0	139.848100ms	1001	0	0.0	139.848100ms	1001	0	0.0	
144	13234	83	476451	318	47	1657514.7264893793	39	3886866.7627711073	0	4030530.911817603	45	4295369.1804631585	19	4176075.5756339375	1.7976931348623157E308	0.0	37.609100ms	220	1	2.130162867034188E-6	37.609100ms	220	1	2.130162867034188E-6	380.461600ms	100	0	3.427206436545593E-5	0s	0	0	0.0	0s	0	0	0.0	
145	13316	82	476771	320	47	1657514.7264893793	39	3886866.7627711073	0	4030530.911817603	45	4295369.1804631585	19	4176075.5756339375	1.7976931348623157E308	0.0	36.167200ms	220	0	0.0	36.167200ms	220	0	0.0	386.132800ms	100	0	0.0	0s	0	0	0.0	0s	0	0	0.0	
146	13526	210	478047	1276	47	1656809.1276296466	39	3886866.7627711073	0	4030530.911817603	45	4295369.1804631585	19	4176075.5756339375	1.7976931348623157E308	0.0	30.150300ms	220	1	8.276294151777673E-8	30.150300ms	220	1	8.276294151777673E-8	347.563100ms	100	0	0.0	139.054900ms	957	1	4.2580612310005793E-7	139.054900ms	957	1	4.2580612310005793E-7	
147	13614	87	478366	319	47	1652937.9758291151	39	3886866.7627711073	0	4030530.911817603	45	4295369.1804631585	19	4176075.5756339375	1.7976931348623157E308	0.0	39.511ms	220	1	1.0620501936179057E-5	39.511ms	220	1	1.0620501936179057E-5	380.745500ms	100	0	0.0	0s	0	0	0.0	0s	0	0	0.0	
148	13688	73	478686	320	47	1650702.627613041	39	3886866.7627711073	0	4030530.911817603	45	4295369.1804631585	19	4176075.5756339375	1.7976931348623157E308	0.0	32.385100ms	220	1	6.147038702000477E-6	32.385100ms	220	1	6.147038702000477E-6	339.131200ms	100	0	0.0	0s	0	0	0.0	0s	0	0	0.0	
149	13770	82	479006	320	47	1650126.4958962412	39	3886866.7627711073	0	4030530.911817603	45	4295369.1804631585	19	4176075.5756339375	1.7976931348623157E308	0.0	37.572400ms	220	1	1.5864641438752396E-6	37.572400ms	220	1	1.5864641438752396E-6	369.420300ms	100	0	0.0	0s	0	0	0.0	0s	0	0	0.0	
150	13853	82	479326	320	47	1647911.5651738392	39	3886866.7627711073	0	4030530.911817603	45	4295369.1804631585	19	4176075.5756339375	1.7976931348623157E308	0.0	41.528ms	220	1	6.101269778436229E-6	41.528ms	220	1	6.101269778436229E-6	366.425400ms	100	0	0.0	0s	0	0	0.0	0s	0	0	0.0	
151	13927	73	479646	320	47	1647911.5651738392	39	3886866.7627711073	0	4030530.911817603	45	4295369.1804631585	19	4176075.5756339375	1.7976931348623157E308	0.0	31.232100ms	220	0	0.0	31.232100ms	220	0	0.0	358.597800ms	100	0	0.0	0s	0	0	0.0	0s	0	0	0.0	
152	14020	93	479969	323	47	1646128.4714754396	39	3886866.7627711073	0	4030530.911817603	45	4295369.1804631585	19	4176075.5756339375	1.7976931348623157E308	0.0	37.525200ms	220	1	3.1173910981285856E-6	37.525200ms	220	1	3.1173910981285856E-6	376.313400ms	100	0	0.0	9.981500ms	3	1	1.3215942300356018E-4	9.981500ms	3	1	1.3215942300356018E-4	
153	14091	71	480289	320	47	1642809.7533731654	39	3886866.7627711073	0	4030530.911817603	45	4295369.1804631585	19	4176075.5756339375	1.7976931348623157E308	0.0	31.024800ms	220	1	9.163976290103218E-6	31.024800ms	220	1	9.163976290103218E-6	354.062900ms	100	0	0.0	0s	0	0	0.0	0s	0	0	0.0	
154	14174	82	480608	319	47	1642809.7533731654	39	3886866.7627711073	0	4030530.911817603	45	4295369.1804631585	19	4176075.5756339375	1.7976931348623157E308	0.0	42.182900ms	220	0	0.0	42.182900ms	220	0	0.0	343.095400ms	100	0	0.0	0s	0	0	0.0	0s	0	0	0.0	
155	14266	92	480944	336	47	1642339.5631393709	39	3886866.7627711073	0	4030530.911817603	45	4295369.1804631585	19	4176075.5756339375	1.7976931348623157E308	0.0	35.910600ms	220	1	3.686513462916344E-7	35.910600ms	220	1	3.686513462916344E-7	384.028ms	100	0	0.0	10.897500ms	17	1	1.2066138062326397E-5	10.897500ms	17	1	1.2066138062326397E-5	
156	14350	84	481264	320	47	1642111.1857909115	39	3886866.7627711073	0	4030530.911817603	45	4295369.1804631585	19	4176075.5756339375	1.7976931348623157E308	0.0	39.797800ms	220	1	6.320732203811786E-7	39.797800ms	220	1	6.320732203811786E-7	367.693300ms	100	0	0.0	0s	0	0	0.0	0s	0	0	0.0	
157	14435	84	481584	320	47	1642106.440345683	39	3886866.7627711073	0	4030530.911817603	45	4295369.1804631585	19	4176075.5756339375	1.7976931348623157E308	0.0	38.642500ms	220	1	1.3135654742207399E-8	38.642500ms	220	1	1.3135654742207399E-8	385.181600ms	100	0	4.872222835983764E-5	0s	0	0	0.0	0s	0	0	0.0	
158	14505	70	481904	320	47	1638705.3290243056	39	3886866.7627711073	0	4030530.911817603	45	4295369.1804631585	19	4176075.5756339375	1.7976931348623157E308	0.0	30.512ms	220	1	9.414491372494222E-6	30.512ms	220	1	9.414491372494222E-6	352.337ms	100	0	0.0	0s	0	0	0.0	0s	0	0	0.0	
159	14579	73	482224	320	47	1637280.6728013959	39	3886866.7627711073	0	4030530.911817603	45	4295369.1804631585	19	4176075.5756339375	1.7976931348623157E308	0.0	34.645500ms	220	1	3.951723344910754E-6	34.645500ms	220	1	3.951723344910754E-6	333.286500ms	100	0	0.0	0s	0	0	0.0	0s	0	0	0.0	
160	14664	84	482544	320	47	1635282.1144946555	39	3886866.7627711073	0	4030530.911817603	45	4295369.1804631585	19	4176075.5756339375	1.7976931348623157E308	0.0	36.069800ms	220	1	5.548441443570756E-6	36.069800ms	220	1	5.548441443570756E-6	399.776300ms	100	0	0.0	0s	0	0	0.0	0s	0	0	0.0	
161	14766	102	482864	320	47	1634880.4542698327	39	3886866.7627711073	0	4030530.911817603	45	4295369.1804631585	19	4176075.5756339375	1.7976931348623157E308	0.0	54.871900ms	220	1	1.1164607491676027E-6	54.871900ms	220	1	1.1164607491676027E-6	391.168100ms	100	0	0.0	0s	0	0	0.0	0s	0	0	0.0	
162	14870	104	483184	320	47	1633337.829272616	39	3886866.7627711073	0	4030530.911817603	45	4295369.1804631585	19	4176075.5756339375	1.7976931348623157E308	0.0	56.321900ms	220	1	4.288956900314813E-6	56.321900ms	220	1	4.288956900314813E-6	368.345800ms	100	0	0.0	0s	0	0	0.0	0s	0	0	0.0	
163	14959	89	483504	320	47	1632889.4500520178	39	3886866.7627711073	0	4030530.911817603	45	4295369.1804631585	19	4176075.5756339375	1.7976931348623157E308	0.0	40.428100ms	220	1	1.2478051569175808E-6	40.428100ms	220	1	1.2478051569175808E-6	412.935800ms	100	0	0.0	0s	0	0	0.0	0s	0	0	0.0	
164	15045	85	483824	320	47	1631967.7412703654	39	3886866.7627711073	0	4030530.911817603	45	4295369.1804631585	19	4176075.5756339375	1.7976931348623157E308	0.0	38.882ms	220	1	2.5657495496792225E-6	38.882ms	220	1	2.5657495496792225E-6	393.117700ms	100	0	0.0	0s	0	0	0.0	0s	0	0	0.0	
165	15138	92	484144	320	47	1631411.2616028052	39	3886866.7627711073	0	4030530.911817603	45	4295369.1804631585	19	4176075.5756339375	1.7976931348623157E308	0.0	46.470300ms	220	1	1.549940584239467E-6	46.470300ms	220	1	1.549940584239467E-6	369.756300ms	100	0	0.0	0s	0	0	0.0	0s	0	0	0.0	
166	15220	81	484464	320	47	1630658.6443048508	39	3886866.7627711073	0	4030530.911817603	45	4295369.1804631585	19	4176075.5756339375	1.7976931348623157E308	0.0	35.805900ms	220	1	2.096949922126733E-6	35.805900ms	220	1	2.096949922126733E-6	420.961400ms	100	0	0.0	0s	0	0	0.0	0s	0	0	0.0	
167	15316	96	484784	320	47	1629846.1150622668	39	3886866.7627711073	0	4030530.911817603	45	4295369.1804631585	19	4176075.5756339375	1.7976931348623157E308	0.0	47.656100ms	220	1	2.2649220619639565E-6	47.656100ms	220	1	2.2649220619639565E-6	411.727ms	100	0	0.0	0s	0	0	0.0	0s	0	0	0.0	
168	15542	226	485104	320	47	1629113.5652906587	39	3886866.7627711073	0	4030530.911817603	45	4295369.1804631585	19	4176075.5756339375	1.7976931348623157E308	0.0	172.75ms	220	1	2.0429975924445893E-6	172.75ms	220	1	2.0429975924445893E-6	416.061800ms	100	0	0.0	0s	0	0	0.0	0s	0	0	0.0	
169	15627	84	485423	319	47	1628467.226185243	39	3886866.7627711073	0	4030530.911817603	45	4295369.1804631585	19	4176075.5756339375	1.7976931348623157E308	0.0	43.400300ms	220	1	1.803376441771915E-6	43.400300ms	220	1	1.803376441771915E-6	378.682800ms	100	0	7.917397347761091E-5	0s	0	0	0.0	0s	0	0	0.0	
170	15709	82	485741	318	47	1628254.5179503728	39	3886866.7627711073	0	4030530.911817603	45	4295369.1804631585	19	4176075.5756339375	1.7976931348623157E308	0.0	32.554100ms	220	1	5.93721259783459E-7	32.554100ms	220	1	5.93721259783459E-7	389.589800ms	100	0	0.0	0s	0	0	0.0	0s	0	0	0.0	
171	15794	84	486060	319	47	1627426.6323224008	39	3886866.7627711073	0	4030530.911817603	45	4295369.1804631585	19	4176075.5756339375	1.7976931348623157E308	0.0	40.620400ms	220	1	2.311135298134103E-6	40.620400ms	220	1	2.311135298134103E-6	371.741700ms	100	0	0.0	0s	0	0	0.0	0s	0	0	0.0	
172	15877	83	486380	320	47	1624928.9735237444	39	3886866.7627711073	0	4030530.911817603	45	4295369.1804631585	19	4176075.5756339375	1.7976931348623157E308	0.0	37.054200ms	220	1	6.976040771279739E-6	37.054200ms	220	1	6.976040771279739E-6	393.636200ms	100	0	0.0	0s	0	0	0.0	0s	0	0	0.0	
173	15964	87	486700	320	47	1624873.1082242113	39	3886866.7627711073	0	4030530.911817603	45	4295369.1804631585	19	4176075.5756339375	1.7976931348623157E308	0.0	46.018100ms	220	1	1.5627340261231187E-7	46.018100ms	220	1	1.5627340261231187E-7	353.697300ms	100	0	0.0	0s	0	0	0.0	0s	0	0	0.0	
174	16035	71	487020	320	47	1624873.1082242113	39	3886866.7627711073	0	4030530.911817603	45	4295369.1804631585	19	4176075.5756339375	1.7976931348623157E308	0.0	30.289400ms	220	0	0.0	30.289400ms	220	0	0.0	375.396200ms	100	0	0.0	0s	0	0	0.0	0s	0	0	0.0	
175	16134	98	487387	367	47	1621561.867263536	39	3886866.7627711073	0	4030530.911817603	45	4295369.1804631585	19	4176075.5756339375	1.7976931348623157E308	0.0	39.352500ms	220	1	7.611628033655176E-6	39.352500ms	220	1	7.611628033655176E-6	383.201200ms	100	0	0.0	15.253ms	47	1	7.742490940806628E-6	15.253ms	47	1	7.742490940806628E-6	
176	16217	83	487707	320	47	1620074.151922064	39	3886866.7627711073	0	4030530.911817603	45	4295369.1804631585	19	4176075.5756339375	1.7976931348623157E308	0.0	38.900500ms	220	1	4.1702648525205285E-6	38.900500ms	220	1	4.1702648525205285E-6	375.870600ms	100	0	0.0	0s	0	0	0.0	0s	0	0	0.0	
177	16300	82	488027	320	47	1619709.083498702	39	3886866.7627711073	0	4030530.911817603	45	4295369.1804631585	19	4176075.5756339375	1.7976931348623157E308	0.0	36.949200ms	220	1	1.0242752915995917E-6	36.949200ms	220	1	1.0242752915995917E-6	424.289200ms	100	0	0.0	0s	0	0	0.0	0s	0	0	0.0	
178	16372	72	488346	319	47	1619709.083498702	39	3886866.7627711073	0	4030530.911817603	45	4295369.1804631585	19	4176075.5756339375	1.7976931348623157E308	0.0	30.867900ms	220	0	0.0	30.867900ms	220	0	0.0	370.164400ms	100	0	0.0	0s	0	0	0.0	0s	0	0	0.0	
179	16466	93	488669	323	47	1618323.72266031	39	3886866.7627711073	0	4030530.911817603	45	4295369.1804631585	19	4176075.5756339375	1.7976931348623157E308	0.0	39.750400ms	220	1	9.584336923788724E-7	39.750400ms	220	1	9.584336923788724E-7	364.535300ms	100	0	0.0	9.902700ms	3	1	2.1486503705288781E-4	9.902700ms	3	1	2.1486503705288781E-4	
180	16548	82	488989	320	47	1618093.3277690564	39	3886866.7627711073	0	4030530.911817603	45	4295369.1804631585	19	4176075.5756339375	1.7976931348623157E308	0.0	37.135300ms	220	1	6.471199124346118E-7	37.135300ms	220	1	6.471199124346118E-7	382.155300ms	100	0	0.0	0s	0	0	0.0	0s	0	0	0.0	
181	16629	81	489309	320	47	1615408.3634544145	39	3886866.7627711073	0	4030530.911817603	45	4295369.1804631585	19	4176075.5756339375	1.7976931348623157E308	0.0	37.415800ms	220	1	7.542447051060593E-6	37.415800ms	220	1	7.542447051060593E-6	379.525500ms	100	0	0.0	0s	0	0	0.0	0s	0	0	0.0	
182	16710	80	489628	319	47	1615385.5528317555	39	3886866.7627711073	0	4030530.911817603	45	4295369.1804631585	19	4176075.5756339375	1.7976931348623157E308	0.0	38.952300ms	220	1	6.418479116229473E-8	38.952300ms	220	1	6.418479116229473E-8	370.660500ms	100	0	0.0	0s	0	0	0.0	0s	0	0	0.0	
183	16795	84	489948	320	47	1612900.1066826242	39	3886866.7627711073	0	4030530.911817603	45	4295369.1804631585	19	4176075.5756339375	1.7976931348623157E308	0.0	39.571500ms	220	1	6.993675581811793E-6	39.571500ms	220	1	6.993675581811793E-6	375.802700ms	100	0	0.0	0s	0	0	0.0	0s	0	0	0.0	
184	16867	71	490268	320	47	1611660.1724772356	39	3886866.7627711073	0	4030530.911817603	45	4295369.1804631585	19	4176075.5756339375	1.7976931348623157E308	0.0	30.433200ms	220	1	3.494366790972693E-6	30.433200ms	220	1	3.494366790972693E-6	369.019900ms	100	0	8.842017271367687E-6	0s	0	0	0.0	0s	0	0	0.0	
185	16937	70	490588	320	47	1611631.132639964	39	3886866.7627711073	0	4030530.911817603	45	4295369.1804631585	19	4176075.5756339375	1.7976931348623157E308	0.0	29.897500ms	220	1	8.19026632156464E-8	29.897500ms	220	1	8.19026632156464E-8	370.672200ms	100	0	0.0	0s	0	0	0.0	0s	0	0	0.0	
186	17032	94	490908	320	47	1611393.765786713	39	3886866.7627711073	0	4030530.911817603	45	4295369.1804631585	19	4176075.5756339375	1.7976931348623157E308	0.0	41.756ms	220	1	6.694709603203488E-7	41.756ms	220	1	6.694709603203488E-7	420.489500ms	100	0	0.0	0s	0	0	0.0	0s	0	0	0.0	
187	17103	70	491227	319	47	1610664.1516314726	39	3886866.7627711073	0	4030530.911817603	45	4295369.1804631585	19	4176075.5756339375	1.7976931348623157E308	0.0	29.650400ms	220	1	2.058111461506423E-6	29.650400ms	220	1	2.058111461506423E-6	350.029600ms	100	0	0.0	0s	0	0	0.0	0s	0	0	0.0	
188	17193	89	491547	320	47	1610147.4656663076	39	3886866.7627711073	0	4030530.911817603	45	4295369.1804631585	19	4176075.5756339375	1.7976931348623157E308	0.0	41.643100ms	220	1	1.4581392194971829E-6	41.643100ms	220	1	1.4581392194971829E-6	426.290100ms	100	0	0.0	0s	0	0	0.0	0s	0	0	0.0	
189	17350	157	491867	320	47	1610147.4656663076	39	3886866.7627711073	0	4030530.911817603	45	4295369.1804631585	19	4176075.5756339375	1.7976931348623157E308	0.0	115.277400ms	220	0	0.0	115.277400ms	220	0	0.0	388.330700ms	100	0	0.0	0s	0	0	0.0	0s	0	0	0.0	
190	17464	114	492216	349	47	1607121.978763449	39	3886866.7627711073	0	4030530.911817603	45	4295369.1804631585	19	4176075.5756339375	1.7976931348623157E308	0.0	39.925100ms	220	1	7.593364733107536E-6	39.925100ms	220	1	7.593364733107536E-6	462.511200ms	100	0	4.2801095003733856E-5	17.304400ms	29	1	7.20072098944853E-6	17.304400ms	29	1	7.20072098944853E-6	
191	17545	80	492536	320	47	1606697.1653634314	39	3886866.7627711073	0	4030530.911817603	45	4295369.1804631585	19	4176075.5756339375	1.7976931348623157E308	0.0	38.69ms	220	1	1.2015080532753767E-6	38.69ms	220	1	1.2015080532753767E-6	368.841ms	100	0	0.0	0s	0	0	0.0	0s	0	0	0.0	
192	17641	95	492856	320	47	1604725.296500597	39	3886866.7627711073	0	4030530.911817603	45	4295369.1804631585	19	4176075.5756339375	1.7976931348623157E308	0.0	50.135100ms	220	1	5.578549884093332E-6	50.135100ms	220	1	5.578549884093332E-6	395.713600ms	100	0	0.0	0s	0	0	0.0	0s	0	0	0.0	
193	17724	83	493176	320	47	1603049.7370791223	39	3886866.7627711073	0	4030530.911817603	45	4295369.1804631585	19	4176075.5756339375	1.7976931348623157E308	0.0	35.698800ms	220	1	4.746095300628417E-6	35.698800ms	220	1	4.746095300628417E-6	387.745600ms	100	0	0.0	0s	0	0	0.0	0s	0	0	0.0	
194	17806	81	493496	320	47	1603049.7370791223	39	3886866.7627711073	0	4030530.911817603	45	4295369.1804631585	19	4176075.5756339375	1.7976931348623157E308	0.0	40.346400ms	220	0	0.0	40.346400ms	220	0	0.0	365.9ms	100	0	0.0	0s	0	0	0.0	0s	0	0	0.0	
195	17899	93	493821	325	47	1602655.4556966906	39	3886866.7627711073	0	4030530.911817603	45	4295369.1804631585	19	4176075.5756339375	1.7976931348623157E308	0.0	37.322500ms	220	1	5.141364792056584E-7	37.322500ms	220	1	5.141364792056584E-7	376.977500ms	100	0	0.0	11.096100ms	5	1	2.6572410283476344E-5	11.096100ms	5	1	2.6572410283476344E-5	
196	17983	83	494141	320	47	1602655.4556966906	39	3886866.7627711073	0	4030530.911817603	45	4295369.1804631585	19	4176075.5756339375	1.7976931348623157E308	0.0	41.738300ms	220	0	0.0	41.738300ms	220	0	0.0	370.399700ms	100	0	0.0	0s	0	0	0.0	0s	0	0	0.0	
197	18068	85	494493	352	47	1601221.6019359583	39	3886866.7627711073	0	4030530.911817603	45	4295369.1804631585	19	4176075.5756339375	1.7976931348623157E308	0.0	30.266ms	220	1	2.099000783716882E-6	30.266ms	220	1	2.099000783716882E-6	381.614200ms	100	0	0.0	13.667ms	32	1	1.3534174000066901E-5	13.667ms	32	1	1.3534174000066901E-5	
198	18159	90	494813	320	47	1601221.6019359583	39	3886866.7627711073	0	4030530.911817603	45	4295369.1804631585	19	4176075.5756339375	1.7976931348623157E308	0.0	40.227500ms	220	0	0.0	40.227500ms	220	0	0.0	402.541500ms	100	0	0.0	0s	0	0	0.0	0s	0	0	0.0	
199	18265	105	495187	374	47	1601060.903875362	39	3886866.7627711073	0	4030530.911817603	45	4295369.1804631585	19	4176075.5756339375	1.7976931348623157E308	0.0	45.588100ms	220	1	3.437992335456305E-7	45.588100ms	220	1	3.437992335456305E-7	374.987500ms	100	0	0.0	16.580700ms	54	1	4.5788336884207056E-7	16.580700ms	54	1	4.5788336884207056E-7	
200	18368	103	495507	320	47	1601006.266346167	39	3886866.7627711073	0	4030530.911817603	45	4295369.1804631585	19	4176075.5756339375	1.7976931348623157E308	0.0	44.110700ms	220	1	1.551174004874791E-7	44.110700ms	220	1	1.551174004874791E-7	442.472200ms	100	0	0.0	0s	0	0	0.0	0s	0	0	0.0	
201	18456	87	495827	320	47	1599982.78502432	39	3886866.7627711073	0	4030530.911817603	45	4295369.1804631585	19	4176075.5756339375	1.7976931348623157E308	0.0	37.459900ms	220	1	2.9057898924999095E-6	37.459900ms	220	1	2.9057898924999095E-6	413.475ms	100	0	0.0	0s	0	0	0.0	0s	0	0	0.0	
202	18527	71	496147	320	47	1598686.967695582	39	3886866.7627711073	0	4030530.911817603	45	4295369.1804631585	19	4176075.5756339375	1.7976931348623157E308	0.0	30.656800ms	220	1	3.6813388382184175E-6	30.656800ms	220	1	3.6813388382184175E-6	372.929700ms	100	0	0.0	0s	0	0	0.0	0s	0	0	0.0	
203	18641	113	496467	320	47	1598487.9649908997	39	3886866.7627711073	0	4030530.911817603	45	4295369.1804631585	19	4176075.5756339375	1.7976931348623157E308	0.0	54.856500ms	220	1	5.658129245023069E-7	54.856500ms	220	1	5.658129245023069E-7	470.811100ms	100	0	0.0	0s	0	0	0.0	0s	0	0	0.0	
204	18715	73	496787	320	47	1598427.0731962274	39	3886866.7627711073	0	4030530.911817603	45	4295369.1804631585	19	4176075.5756339375	1.7976931348623157E308	0.0	31.852400ms	220	1	1.7315168517732667E-7	31.852400ms	220	1	1.7315168517732667E-7	362.314200ms	100	0	0.0	0s	0	0	0.0	0s	0	0	0.0	
205	18800	85	497107	320	47	1598427.0731962274	39	3886866.7627711073	0	4030530.911817603	45	4295369.1804631585	19	4176075.5756339375	1.7976931348623157E308	0.0	36.032700ms	220	0	0.0	36.032700ms	220	0	0.0	415.835100ms	100	0	6.789325336791552E-5	0s	0	0	0.0	0s	0	0	0.0	
206	18897	96	497442	335	47	1596786.109716793	39	3886866.7627711073	0	4030530.911817603	45	4295369.1804631585	19	4176075.5756339375	1.7976931348623157E308	0.0	37.432600ms	220	1	1.1945948100066207E-7	37.432600ms	220	1	1.1945948100066207E-7	387.251400ms	100	0	0.0	13.078200ms	15	1	6.669044131111986E-5	13.078200ms	15	1	6.669044131111986E-5	
207	18990	93	497762	320	47	1595359.6958744498	39	3886866.7627711073	0	4030530.911817603	45	4295369.1804631585	19	4176075.5756339375	1.7976931348623157E308	0.0	46.122ms	220	1	4.060468239248559E-6	46.122ms	220	1	4.060468239248559E-6	388.969400ms	100	0	0.0	0s	0	0	0.0	0s	0	0	0.0	
208	19113	123	498081	319	47	1595270.125626098	39	3886866.7627711073	0	4030530.911817603	45	4295369.1804631585	19	4176075.5756339375	1.7976931348623157E308	0.0	64.467800ms	220	1	2.5520106441311407E-7	64.467800ms	220	1	2.5520106441311407E-7	479.117300ms	100	0	0.0	0s	0	0	0.0	0s	0	0	0.0	
209	19291	178	498401	320	47	1595032.7810860844	39	3886866.7627711073	0	4030530.911817603	45	4295369.1804631585	19	4176075.5756339375	1.7976931348623157E308	0.0	124.846800ms	220	1	6.762734416652296E-7	124.846800ms	220	1	6.762734416652296E-7	403.393500ms	100	0	0.0	0s	0	0	0.0	0s	0	0	0.0	
210	19375	83	498721	320	47	1593388.003812673	39	3886866.7627711073	0	4030530.911817603	45	4295369.1804631585	19	4176075.5756339375	1.7976931348623157E308	0.0	36.439200ms	220	1	4.687214220511216E-6	36.439200ms	220	1	4.687214220511216E-6	396.599100ms	100	0	0.0	0s	0	0	0.0	0s	0	0	0.0	
211	19674	299	499041	320	47	1593365.4131945749	39	3886866.7627711073	0	4030530.911817603	45	4295369.1804631585	19	4176075.5756339375	1.7976931348623157E308	0.0	230.512600ms	220	1	6.444420785950927E-8	230.512600ms	220	1	6.444420785950927E-8	454.961600ms	100	0	0.0	0s	0	0	0.0	0s	0	0	0.0	
212	19813	138	499361	320	47	1592008.5749879302	39	3886866.7627711073	0	4030530.911817603	45	4295369.1804631585	19	4176075.5756339375	1.7976931348623157E308	0.0	76.957400ms	220	1	3.8707043235452035E-6	76.957400ms	220	1	3.8707043235452035E-6	431.962900ms	100	0	0.0	0s	0	0	0.0	0s	0	0	0.0	
213	19962	149	499681	320	47	1588156.216264281	39	3886866.7627711073	0	4030530.911817603	45	4295369.1804631585	19	4176075.5756339375	1.7976931348623157E308	0.0	104.707900ms	220	1	1.0999137659334357E-5	104.707900ms	220	1	1.0999137659334357E-5	409.509700ms	100	0	0.0	0s	0	0	0.0	0s	0	0	0.0	
214	20059	97	500001	320	47	1588156.216264281	39	3886866.7627711073	0	4030530.911817603	45	4295369.1804631585	19	4176075.5756339375	1.7976931348623157E308	0.0	39.600400ms	220	0	0.0	39.600400ms	220	0	0.0	403.330200ms	100	0	0.0	0s	0	0	0.0	0s	0	0	0.0	
215	20482	422	500344	343	47	1587599.958467112	39	3886866.7627711073	0	4030530.911817603	45	4295369.1804631585	19	4176075.5756339375	1.7976931348623157E308	0.0	312.960700ms	220	0	0.0	312.960700ms	220	0	0.0	523.518400ms	100	0	0.0	39.523500ms	23	1	1.522842738539517E-5	39.523500ms	23	1	1.522842738539517E-5	
216	20601	118	500747	403	47	1586343.1665929952	39	3886866.7627711073	0	4030530.911817603	45	4295369.1804631585	19	4176075.5756339375	1.7976931348623157E308	0.0	39.630600ms	220	1	1.4097334747366983E-6	39.630600ms	220	1	1.4097334747366983E-6	432.392900ms	100	0	0.0	28.76ms	83	1	5.8028685108942596E-6	28.76ms	83	1	5.8028685108942596E-6	
217	20693	92	501067	320	47	1586323.6411762894	39	3886866.7627711073	0	4030530.911817603	45	4295369.1804631585	36	4175478.2231408698	1.7976931348623157E308	0.0	40.743ms	220	1	5.594747466116959E-8	40.743ms	220	1	5.594747466116959E-8	420.237300ms	100	0	1.9754430732743744E-4	0s	0	0	0.0	0s	0	0	0.0	
218	20809	115	501387	320	47	1586323.6411762894	39	3886866.7627711073	0	4030530.911817603	45	4295369.1804631585	36	4175478.2231408698	1.7976931348623157E308	0.0	60.767600ms	220	0	0.0	60.767600ms	220	0	0.0	404.078600ms	100	0	0.0	0s	0	0	0.0	0s	0	0	0.0	
219	20933	123	501861	474	47	1586121.4596577273	39	3886866.7627711073	0	4030530.911817603	45	4295369.1804631585	36	4175478.2231408698	1.7976931348623157E308	0.0	38.958800ms	220	0	0.0	38.958800ms	220	0	0.0	393.099500ms	100	0	0.0	33.785200ms	155	1	8.222766528156742E-7	33.785200ms	155	1	8.222766528156742E-7	
220	21033	99	502226	365	47	1584671.5633595954	39	3886866.7627711073	0	4030530.911817603	45	4295369.1804631585	36	4175478.2231408698	1.7976931348623157E308	0.0	33.854600ms	220	1	3.698224637095248E-6	33.854600ms	220	1	3.698224637095248E-6	424.198300ms	100	0	0.0	16.201ms	45	1	2.2352602674160753E-6	16.201ms	45	1	2.2352602674160753E-6	
221	21114	81	502546	320	47	1584444.7000553869	39	3886866.7627711073	0	4030530.911817603	45	4295369.1804631585	36	4175478.2231408698	1.7976931348623157E308	0.0	39.381100ms	220	1	6.507322155291373E-7	39.381100ms	220	1	6.507322155291373E-7	388.018ms	100	0	0.0	0s	0	0	0.0	0s	0	0	0.0	
222	21196	81	502865	319	47	1584113.0169036365	39	3886866.7627711073	0	4030530.911817603	45	4295369.1804631585	36	4175478.2231408698	1.7976931348623157E308	0.0	39.546300ms	220	1	9.515325398995972E-7	39.546300ms	220	1	9.515325398995972E-7	380.897600ms	100	0	2.5578935267019933E-5	0s	0	0	0.0	0s	0	0	0.0	
223	21280	84	503185	320	47	1584113.0169036365	39	3886866.7627711073	0	4030530.911817603	45	4295369.1804631585	36	4175478.2231408698	1.7976931348623157E308	0.0	39.046800ms	220	0	0.0	39.046800ms	220	0	0.0	395.499800ms	100	0	0.0	0s	0	0	0.0	0s	0	0	0.0	
224	21378	97	503535	350	47	1579081.329191934	39	3886866.7627711073	0	4030530.911817603	45	4295369.1804631585	36	4175478.2231408698	1.7976931348623157E308	0.0	38.518800ms	220	1	1.3583665271431723E-5	38.518800ms	220	1	1.3583665271431723E-5	382.374ms	100	0	0.0	13.922100ms	30	1	6.28336177874352E-6	13.922100ms	30	1	6.28336177874352E-6	
225	21480	102	503855	320	47	1578807.137822422	39	3886866.7627711073	0	4030530.911817603	45	4295369.1804631585	36	4175478.2231408698	1.7976931348623157E308	0.0	47.558500ms	220	1	7.892718277603304E-7	47.558500ms	220	1	7.892718277603304E-7	465.638100ms	100	0	0.0	0s	0	0	0.0	0s	0	0	0.0	
226	21590	109	504175	320	47	1578267.035962119	39	3886866.7627711073	0	4030530.911817603	45	4295369.1804631585	36	4175478.2231408698	1.7976931348623157E308	0.0	64.533500ms	220	1	1.554976790457685E-6	64.533500ms	220	1	1.554976790457685E-6	363.165300ms	100	0	0.0	0s	0	0	0.0	0s	0	0	0.0	
227	21693	102	504495	320	47	1578267.035962119	39	3886866.7627711073	0	4030530.911817603	45	4295369.1804631585	36	4175478.2231408698	1.7976931348623157E308	0.0	58.904200ms	220	0	0.0	58.904200ms	220	0	0.0	387.279400ms	100	0	0.0	0s	0	0	0.0	0s	0	0	0.0	
228	21799	106	504820	325	47	1577814.043850458	39	3886866.7627711073	3	4019688.2542468226	45	4295369.1804631585	36	4175478.2231408698	1.7976931348623157E308	0.0	44.665500ms	220	0	0.0	44.665500ms	220	0	0.0	405.966700ms	100	0	1.8221651231425273E-4	12.646300ms	5	1	5.740373477227667E-5	12.646300ms	5	1	5.740373477227667E-5	
229	21902	103	505154	334	47	1576153.2856930224	39	3886866.7627711073	3	4019688.2542468226	45	4295369.1804631585	36	4175478.2231408698	1.7976931348623157E308	0.0	45.835300ms	220	1	3.763736433878587E-6	45.835300ms	220	1	3.763736433878587E-6	382.335800ms	100	0	0.0	15.056900ms	15	1	1.4982204865835828E-5	15.056900ms	15	1	1.4982204865835828E-5	
230	21987	84	505474	320	47	1576153.2856930224	39	3886866.7627711073	3	4019688.2542468226	45	4295369.1804631585	36	4175478.2231408698	1.7976931348623157E308	0.0	40.302ms	220	0	0.0	40.302ms	220	0	0.0	386.793600ms	100	0	0.0	0s	0	0	0.0	0s	0	0	0.0	
231	22075	88	505821	347	47	1575532.966734304	39	3886866.7627711073	3	4019688.2542468226	45	4295369.1804631585	36	4175478.2231408698	1.7976931348623157E308	0.0	32.863ms	220	0	0.0	32.863ms	220	0	0.0	372.806800ms	100	0	0.0	12.956600ms	27	1	1.457648596578273E-5	12.956600ms	27	1	1.457648596578273E-5	
232	22185	109	506169	348	47	1574039.3855576087	39	3886866.7627711073	3	4019688.2542468226	45	4295369.1804631585	36	4175478.2231408698	1.7976931348623157E308	0.0	39.420200ms	220	1	2.934788975162871E-7	39.420200ms	220	1	2.934788975162871E-7	402.623ms	100	0	0.0	13.814ms	28	1	3.155272869588753E-5	13.814ms	28	1	3.155272869588753E-5	
233	22279	94	506489	320	47	1574035.2939595575	39	3886866.7627711073	3	4019688.2542468226	45	4295369.1804631585	36	4175478.2231408698	1.7976931348623157E308	0.0	49.589600ms	220	1	1.1815570264619234E-8	49.589600ms	220	1	1.1815570264619234E-8	401.348800ms	100	0	0.0	0s	0	0	0.0	0s	0	0	0.0	
234	22363	83	506809	320	47	1574035.2939595575	39	3886866.7627711073	3	4019688.2542468226	45	4295369.1804631585	36	4175478.2231408698	1.7976931348623157E308	0.0	39.688300ms	220	0	0.0	39.688300ms	220	0	0.0	379.929400ms	100	0	0.0	0s	0	0	0.0	0s	0	0	0.0	
235	22457	94	507152	343	47	1573954.5540898456	39	3886866.7627711073	3	4019688.2542468226	45	4295369.1804631585	36	4175478.2231408698	1.7976931348623157E308	0.0	38.683400ms	220	0	0.0	38.683400ms	220	0	0.0	385.153800ms	100	0	0.0	13.710800ms	23	1	2.2302099142132317E-6	13.710800ms	23	1	2.2302099142132317E-6	
236	22554	96	507477	325	47	1573053.772535645	39	3886866.7627711073	3	4019688.2542468226	45	4295369.1804631585	36	4175478.2231408698	1.7976931348623157E308	0.0	36.847100ms	220	1	4.2756134336049717E-7	36.847100ms	220	1	4.2756134336049717E-7	392.554500ms	100	0	0.0	11.551300ms	5	1	9.565723433779816E-5	11.551300ms	5	1	9.565723433779816E-5	
237	22636	82	507797	320	47	1573053.772535645	39	3886866.7627711073	3	4019688.2542468226	45	4295369.1804631585	36	4175478.2231408698	1.7976931348623157E308	0.0	35.433800ms	220	0	0.0	35.433800ms	220	0	0.0	377.043500ms	100	0	0.0	0s	0	0	0.0	0s	0	0	0.0	
238	22719	83	508130	333	47	1572492.5453435606	39	3886866.7627711073	3	4019688.2542468226	45	4295369.1804631585	36	4175478.2231408698	1.7976931348623157E308	0.0	31.231ms	220	0	0.0	31.231ms	220	0	0.0	360.126700ms	100	0	0.0	11.354400ms	13	1	2.744427636344108E-5	11.354400ms	13	1	2.744427636344108E-5	
239	22831	111	508504	374	47	1571816.9094683877	39	3886866.7627711073	3	4019688.2542468226	45	4295369.1804631585	36	4175478.2231408698	1.7976931348623157E308	0.0	41.783600ms	220	0	0.0	41.783600ms	220	0	0.0	399.609200ms	100	0	0.0	17.573700ms	56	1	7.672485556831088E-6	17.573700ms	56	1	7.672485556831088E-6	
240	22942	111	508956	452	47	1571672.5575347256	39	3886866.7627711073	3	4019688.2542468226	45	4295369.1804631585	36	4175478.2231408698	1.7976931348623157E308	0.0	36.241ms	220	0	0.0	36.241ms	220	0	0.0	392.701100ms	100	0	0.0	27.268800ms	132	1	6.957395918238626E-7	27.268800ms	132	1	6.957395918238626E-7	
241	23075	133	509334	378	47	1571250.3776558456	39	3886866.7627711073	3	4019688.2542468226	45	4295369.1804631585	36	4175478.2231408698	1.7976931348623157E308	0.0	50.464700ms	220	1	1.0346855653209364E-6	50.464700ms	220	1	1.0346855653209364E-6	397.028300ms	100	0	0.0	30.432600ms	58	1	7.068400683288194E-7	30.432600ms	58	1	7.068400683288194E-7	
242	23159	83	509653	319	47	1571250.3776558456	39	3886866.7627711073	3	4019688.2542468226	45	4295369.1804631585	36	4175478.2231408698	1.7976931348623157E308	0.0	39.401100ms	220	0	0.0	39.401100ms	220	0	0.0	376.618ms	100	0	0.0	0s	0	0	0.0	0s	0	0	0.0	
243	23240	80	509979	326	47	1569953.161613694	39	3886866.7627711073	3	4019688.2542468226	45	4295369.1804631585	36	4175478.2231408698	1.7976931348623157E308	0.0	29.554400ms	220	1	3.275968013365988E-7	29.554400ms	220	1	3.275968013365988E-7	365.275500ms	100	0	0.0	10.453ms	6	1	1.255962919892902E-4	10.453ms	6	1	1.255962919892902E-4	
244	23312	72	510299	320	47	1569953.161613694	39	3886866.7627711073	3	4019688.2542468226	45	4295369.1804631585	36	4175478.2231408698	1.7976931348623157E308	0.0	31.352800ms	220	0	0.0	31.352800ms	220	0	0.0	355.997200ms	100	0	0.0	0s	0	0	0.0	0s	0	0	0.0	
245	23452	139	511010	711	47	1568971.1479563797	39	3886866.7627711073	3	4019688.2542468226	45	4295369.1804631585	36	4175478.2231408698	1.7976931348623157E308	0.0	40.722300ms	220	1	2.184912920853079E-6	40.722300ms	220	1	2.184912920853079E-6	390.955900ms	100	0	0.0	55.930300ms	391	1	3.705725625976807E-7	55.930300ms	391	1	3.705725625976807E-7	
246	23523	71	511329	319	47	1568971.1479563797	39	3886866.7627711073	3	4019688.2542468226	45	4295369.1804631585	36	4175478.2231408698	1.7976931348623157E308	0.0	30.207200ms	220	0	0.0	30.207200ms	220	0	0.0	368.071300ms	100	0	0.0	0s	0	0	0.0	0s	0	0	0.0	
247	23606	83	511660	331	47	1565442.7032857346	39	3886866.7627711073	3	4019688.2542468226	45	4295369.1804631585	36	4175478.2231408698	1.7976931348623157E308	0.0	31.524800ms	220	1	4.980808270114358E-6	31.524800ms	220	1	4.980808270114358E-6	365.411600ms	100	0	0.0	11.006600ms	11	1	1.0494344113233144E-4	11.006600ms	11	1	1.0494344113233144E-4	
248	23689	82	511980	320	47	1565135.0244521801	39	3886866.7627711073	3	4019688.2542468226	45	4295369.1804631585	36	4175478.2231408698	1.7976931348623157E308	0.0	36.003100ms	220	1	8.933831622103362E-7	36.003100ms	220	1	8.933831622103362E-7	397.890500ms	100	0	0.0	0s	0	0	0.0	0s	0	0	0.0	
249	23762	72	512299	319	47	1564802.3492964655	39	3886866.7627711073	3	4019688.2542468226	45	4295369.1804631585	36	4175478.2231408698	1.7976931348623157E308	0.0	31.911100ms	220	1	9.661529357390447E-7	31.911100ms	220	1	9.661529357390447E-7	370.717700ms	100	0	0.0	0s	0	0	0.0	0s	0	0	0.0	
250	23835	72	512619	320	47	1562845.7192703076	39	3886866.7627711073	3	4019688.2542468226	45	4295369.1804631585	36	4175478.2231408698	1.7976931348623157E308	0.0	30.912100ms	220	1	5.683639758191134E-6	30.912100ms	220	1	5.683639758191134E-6	354.296300ms	100	0	0.0	0s	0	0	0.0	0s	0	0	0.0	
251	23906	71	512939	320	47	1562845.7192703076	39	3886866.7627711073	3	4019688.2542468226	45	4295369.1804631585	36	4175478.2231408698	1.7976931348623157E308	0.0	30.208300ms	220	0	0.0	30.208300ms	220	0	0.0	369.117400ms	100	0	0.0	0s	0	0	0.0	0s	0	0	0.0	
252	24070	164	513344	405	47	1562721.739217868	39	3886866.7627711073	3	4019688.2542468226	45	4295369.1804631585	36	4175478.2231408698	1.7976931348623157E308	0.0	75.064900ms	220	0	0.0	75.064900ms	220	0	0.0	443.335200ms	100	0	0.0	26.641600ms	85	1	9.33290365289676E-7	26.641600ms	85	1	9.33290365289676E-7	
253	24170	99	513665	321	47	1561682.3437955691	39	3886866.7627711073	3	4019688.2542468226	45	4295369.1804631585	36	4175478.2231408698	1.7976931348623157E308	0.0	36.669600ms	220	1	1.7429118974833134E-8	36.669600ms	220	1	1.7429118974833134E-8	416.584100ms	100	0	0.0	12.521800ms	2	1	3.306434053427787E-4	12.521800ms	2	1	3.306434053427787E-4	
254	24289	119	513985	320	47	1561682.3437955691	39	3886866.7627711073	3	4019688.2542468226	45	4295369.1804631585	36	4175478.2231408698	1.7976931348623157E308	0.0	61.309100ms	220	0	0.0	61.309100ms	220	0	0.0	394.736200ms	100	0	0.0	0s	0	0	0.0	0s	0	0	0.0	
255	24396	106	514329	344	47	1558636.4183531632	39	3886866.7627711073	3	4019688.2542468226	45	4295369.1804631585	36	4175478.2231408698	1.7976931348623157E308	0.0	48.802600ms	220	1	6.222418498969994E-6	48.802600ms	220	1	6.222418498969994E-6	367.051700ms	100	0	0.0	13.603ms	25	1	2.329111853502486E-5	13.603ms	25	1	2.329111853502486E-5	
256	24479	83	514649	320	47	1558428.9256704648	39	3886866.7627711073	3	4019688.2542468226	45	4295369.1804631585	14	4174386.5830162736	1.7976931348623157E308	0.0	35.942500ms	220	1	6.051113310418471E-7	35.942500ms	220	1	6.051113310418471E-7	388.311600ms	100	0	3.196926449494353E-4	0s	0	0	0.0	0s	0	0	0.0	
257	24551	71	514968	319	47	1557410.5563818463	39	3886866.7627711073	3	4019688.2542468226	45	4295369.1804631585	14	4174386.5830162736	1.7976931348623157E308	0.0	29.884200ms	220	1	2.9702678355452754E-6	29.884200ms	220	1	2.9702678355452754E-6	379.551ms	100	0	0.0	0s	0	0	0.0	0s	0	0	0.0	
258	24623	72	515288	320	47	1557410.5563818463	39	3886866.7627711073	3	4019688.2542468226	45	4295369.1804631585	14	4174386.5830162736	1.7976931348623157E308	0.0	31.362900ms	220	0	0.0	31.362900ms	220	0	0.0	373.875200ms	100	0	0.0	0s	0	0	0.0	0s	0	0	0.0	
259	24724	100	515770	482	47	1557107.7995534402	39	3886866.7627711073	3	4019688.2542468226	45	4295369.1804631585	14	4174386.5830162736	1.7976931348623157E308	0.0	29.778100ms	220	1	3.9901508598995006E-7	29.778100ms	220	1	3.9901508598995006E-7	375.649300ms	100	0	0.0	29.593300ms	162	1	6.581704403721239E-7	29.593300ms	162	1	6.581704403721239E-7	
260	24859	134	516090	320	47	1557107.7995534402	39	3886866.7627711073	3	4019688.2542468226	45	4295369.1804631585	14	4174386.5830162736	1.7976931348623157E308	0.0	67.819700ms	220	0	0.0	67.819700ms	220	0	0.0	478.140700ms	100	0	0.0	0s	0	0	0.0	0s	0	0	0.0	
261	24957	98	516435	345	47	1554370.3326307691	39	3886866.7627711073	3	4019688.2542468226	45	4295369.1804631585	14	4174386.5830162736	1.7976931348623157E308	0.0	37.202ms	220	1	7.454308914858008E-6	37.202ms	220	1	7.454308914858008E-6	370.092ms	100	0	0.0	13.558300ms	25	1	4.731675704929828E-6	13.558300ms	25	1	4.731675704929828E-6	
262	25038	80	516755	320	47	1554066.4987215898	39	3886866.7627711073	3	4019688.2542468226	45	4295369.1804631585	14	4174386.5830162736	1.7976931348623157E308	0.0	39.567600ms	220	1	8.885033344689527E-7	39.567600ms	220	1	8.885033344689527E-7	380.495100ms	100	0	6.701331456606785E-5	0s	0	0	0.0	0s	0	0	0.0	
263	25122	84	517075	320	47	1553383.6415765537	39	3886866.7627711073	3	4019688.2542468226	45	4295369.1804631585	14	4174386.5830162736	1.7976931348623157E308	0.0	37.504400ms	220	1	1.9972736793141063E-6	37.504400ms	220	1	1.9972736793141063E-6	431.680400ms	100	0	0.0	0s	0	0	0.0	0s	0	0	0.0	
264	25204	81	517395	320	47	1553357.7450763439	39	3886866.7627711073	3	4019688.2542468226	45	4295369.1804631585	14	4174386.5830162736	1.7976931348623157E308	0.0	39.904300ms	220	1	7.577739422463687E-8	39.904300ms	220	1	7.577739422463687E-8	383.305400ms	100	0	0.0	0s	0	0	0.0	0s	0	0	0.0	
265	25288	84	517713	318	47	1553357.7450763439	39	3886866.7627711073	3	4019688.2542468226	45	4295369.1804631585	14	4174386.5830162736	1.7976931348623157E308	0.0	29.825800ms	220	0	0.0	29.825800ms	220	0	0.0	429.098600ms	100	0	0.0	0s	0	0	0.0	0s	0	0	0.0	
266	25382	93	518069	356	47	1553235.2038824856	39	3886866.7627711073	3	4019688.2542468226	45	4295369.1804631585	14	4174386.5830162736	1.7976931348623157E308	0.0	30.219900ms	220	1	1.3047768218138972E-7	30.219900ms	220	1	1.3047768218138972E-7	375.440800ms	100	0	0.0	22.350700ms	36	1	1.3940080911051872E-6	22.350700ms	36	1	1.3940080911051872E-6	
267	25465	83	518389	320	47	1551394.0748960313	39	3886866.7627711073	3	4019688.2542468226	45	4295369.1804631585	14	4174386.5830162736	1.7976931348623157E308	0.0	36.976ms	220	1	5.38795933759939E-6	36.976ms	220	1	5.38795933759939E-6	393.130600ms	100	0	0.0	0s	0	0	0.0	0s	0	0	0.0	
268	25553	87	518709	320	47	1551394.0748960313	39	3886866.7627711073	3	4019688.2542468226	45	4295369.1804631585	14	4174386.5830162736	1.7976931348623157E308	0.0	38.781300ms	220	0	0.0	38.781300ms	220	0	0.0	408.421300ms	100	0	0.0	0s	0	0	0.0	0s	0	0	0.0	
269	25656	102	519048	339	47	1549717.725807783	39	3886866.7627711073	3	4019688.2542468226	45	4295369.1804631585	14	4174386.5830162736	1.7976931348623157E308	0.0	35.594800ms	220	1	4.025240399734892E-6	35.594800ms	220	1	4.025240399734892E-6	435.884100ms	100	0	0.0	13.063ms	19	1	1.0271770324818846E-5	13.063ms	19	1	1.0271770324818846E-5	
270	25840	184	519367	319	47	1548958.4061549848	39	3886866.7627711073	3	4019688.2542468226	45	4295369.1804631585	14	4174386.5830162736	1.7976931348623157E308	0.0	120.950300ms	220	1	2.2271494413376874E-6	120.950300ms	220	1	2.2271494413376874E-6	420.954800ms	100	0	0.0	0s	0	0	0.0	0s	0	0	0.0	
271	25929	88	519687	320	47	1545486.092957985	39	3886866.7627711073	3	4019688.2542468226	45	4295369.1804631585	14	4174386.5830162736	1.7976931348623157E308	0.0	45.747900ms	220	1	1.0189584008084663E-5	45.747900ms	220	1	1.0189584008084663E-5	385.863500ms	100	0	0.0	0s	0	0	0.0	0s	0	0	0.0	
272	26028	99	520007	320	47	1545402.6051247206	39	3886866.7627711073	3	4019688.2542468226	45	4295369.1804631585	14	4174386.5830162736	1.7976931348623157E308	0.0	50.403200ms	220	1	2.4554743839535284E-7	50.403200ms	220	1	2.4554743839535284E-7	382.743300ms	100	0	0.0	0s	0	0	0.0	0s	0	0	0.0	
273	26128	99	520327	320	47	1544277.8977379461	39	3886866.7627711073	3	4019688.2542468226	45	4295369.1804631585	14	4174386.5830162736	1.7976931348623157E308	0.0	45.221900ms	220	1	3.3080740815160206E-6	45.221900ms	220	1	3.3080740815160206E-6	407.047400ms	100	0	0.0	0s	0	0	0.0	0s	0	0	0.0	
274	26257	129	520647	320	47	1544277.8977379461	39	3886866.7627711073	3	4019688.2542468226	45	4295369.1804631585	14	4174386.5830162736	1.7976931348623157E308	0.0	63.816900ms	220	0	0.0	63.816900ms	220	0	0.0	520.334700ms	100	0	0.0	0s	0	0	0.0	0s	0	0	0.0	
275	26386	129	521077	430	47	1542550.9645446832	39	3886866.7627711073	3	4019688.2542468226	45	4295369.1804631585	14	4174386.5830162736	1.7976931348623157E308	0.0	51.440200ms	220	1	3.1804871958519454E-6	51.440200ms	220	1	3.1804871958519454E-6	419.811600ms	100	0	0.0	23.692100ms	110	1	3.8078606629783754E-6	23.692100ms	110	1	3.8078606629783754E-6	
276	26473	86	521397	320	47	1540289.3123651857	39	3886866.7627711073	3	4019688.2542468226	45	4295369.1804631585	14	4174386.5830162736	1.7976931348623157E308	0.0	39.712800ms	220	1	6.664439241116876E-6	39.712800ms	220	1	6.664439241116876E-6	398.438700ms	100	0	0.0	0s	0	0	0.0	0s	0	0	0.0	
277	26592	119	521717	320	47	1540289.3123651857	39	3886866.7627711073	3	4019688.2542468226	45	4295369.1804631585	14	4174386.5830162736	1.7976931348623157E308	0.0	75.385700ms	220	0	0.0	75.385700ms	220	0	0.0	377.466200ms	100	0	0.0	0s	0	0	0.0	0s	0	0	0.0	
278	26691	98	522046	329	47	1539537.6757425629	39	3886866.7627711073	3	4019688.2542468226	45	4295369.1804631585	14	4174386.5830162736	1.7976931348623157E308	0.0	32.875100ms	220	1	1.0866954629272886E-6	32.875100ms	220	1	1.0866954629272886E-6	378.785200ms	100	0	0.0	12.950700ms	10	1	2.48970574066143E-5	12.950700ms	10	1	2.48970574066143E-5	
279	26803	111	522366	320	47	1539403.66344127	39	3886866.7627711073	3	4019688.2542468226	45	4295369.1804631585	14	4174386.5830162736	1.7976931348623157E308	0.0	63.392400ms	220	1	3.9566866966408737E-7	63.392400ms	220	1	3.9566866966408737E-7	397.392600ms	100	0	0.0	0s	0	0	0.0	0s	0	0	0.0	
280	26883	80	522686	320	47	1534419.3520113593	39	3886866.7627711073	3	4019688.2542468226	45	4295369.1804631585	14	4174386.5830162736	1.7976931348623157E308	0.0	32.992300ms	220	1	1.4717362042910752E-5	32.992300ms	220	1	1.4717362042910752E-5	390.638700ms	100	0	0.0	0s	0	0	0.0	0s	0	0	0.0	
281	26966	82	523006	320	47	1534419.3520113593	39	3886866.7627711073	3	4019688.2542468226	45	4295369.1804631585	14	4174386.5830162736	1.7976931348623157E308	0.0	37.597900ms	220	0	0.0	37.597900ms	220	0	0.0	381.311700ms	100	0	0.0	0s	0	0	0.0	0s	0	0	0.0	
282	27078	111	523332	326	47	1534387.8601058144	39	3886866.7627711073	3	4019688.2542468226	45	4295369.1804631585	14	4174386.5830162736	1.7976931348623157E308	0.0	41.109800ms	220	0	0.0	41.109800ms	220	0	0.0	405.668500ms	100	0	0.0	21.566800ms	6	1	3.4206104851756494E-6	21.566800ms	6	1	3.4206104851756494E-6	
283	27174	95	523673	341	47	1532683.0959066725	39	3886866.7627711073	3	4019688.2542468226	45	4295369.1804631585	14	4174386.5830162736	1.7976931348623157E308	0.0	38.128200ms	220	1	3.076888820783981E-6	38.128200ms	220	1	3.076888820783981E-6	383.439500ms	100	0	0.0	12.810500ms	21	1	2.068653151108903E-5	12.810500ms	21	1	2.068653151108903E-5	
284	27269	94	523993	320	47	1532544.347733106	39	3886866.7627711073	3	4019688.2542468226	45	4295369.1804631585	14	4174386.5830162736	1.7976931348623157E308	0.0	51.843300ms	220	1	4.114833117791433E-7	51.843300ms	220	1	4.114833117791433E-7	373.943500ms	100	0	0.0	0s	0	0	0.0	0s	0	0	0.0	
285	27351	82	524311	318	47	1532544.347733106	39	3886866.7627711073	3	4019688.2542468226	45	4295369.1804631585	14	4174386.5830162736	1.7976931348623157E308	0.0	35.697900ms	220	0	0.0	35.697900ms	220	0	0.0	396.662100ms	100	0	0.0	0s	0	0	0.0	0s	0	0	0.0	
286	27444	93	524635	324	47	1531030.031965076	39	3886866.7627711073	3	4019688.2542468226	45	4295369.1804631585	14	4174386.5830162736	1.7976931348623157E308	0.0	40.233400ms	220	0	0.0	40.233400ms	220	0	0.0	376.901800ms	100	0	0.0	10.815200ms	5	1	1.976211351103707E-4	10.815200ms	5	1	1.976211351103707E-4	
287	27551	106	524982	347	47	1530978.1437418815	39	3886866.7627711073	3	4019688.2542468226	45	4295369.1804631585	14	4174386.5830162736	1.7976931348623157E308	0.0	39.030900ms	220	1	1.0006994489971968E-7	39.030900ms	220	1	1.0006994489971968E-7	373.834100ms	100	0	0.0	20.902500ms	27	1	4.398492107122649E-7	20.902500ms	27	1	4.398492107122649E-7	
288	27635	84	525302	320	47	1530978.1437418815	39	3886866.7627711073	3	4019688.2542468226	45	4295369.1804631585	14	4174386.5830162736	1.7976931348623157E308	0.0	37.436700ms	220	0	0.0	37.436700ms	220	0	0.0	391.751500ms	100	0	0.0	0s	0	0	0.0	0s	0	0	0.0	
289	27732	97	525642	340	47	1529254.2866151005	39	3886866.7627711073	3	4019688.2542468226	45	4295369.1804631585	14	4174386.5830162736	1.7976931348623157E308	0.0	40.691900ms	220	1	5.049955077166747E-6	40.691900ms	220	1	5.049955077166747E-6	377.426300ms	100	0	0.0	12.962100ms	20	1	7.505355845149886E-7	12.962100ms	20	1	7.505355845149886E-7	
290	27816	83	525961	319	47	1529047.79372314	39	3886866.7627711073	3	4019688.2542468226	45	4295369.1804631585	14	4174386.5830162736	1.7976931348623157E308	0.0	37.348ms	220	1	6.137658482184939E-7	37.348ms	220	1	6.137658482184939E-7	381.916500ms	100	0	0.0	0s	0	0	0.0	0s	0	0	0.0	
291	27901	85	526281	320	47	1529047.79372314	39	3886866.7627711073	3	4019688.2542468226	45	4295369.1804631585	14	4174386.5830162736	1.7976931348623157E308	0.0	39.997300ms	220	0	0.0	39.997300ms	220	0	0.0	397.616600ms	100	0	0.0	0s	0	0	0.0	0s	0	0	0.0	
292	28005	104	526691	410	47	1528975.257591798	39	3886866.7627711073	3	4019688.2542468226	45	4295369.1804631585	14	4174386.5830162736	1.7976931348623157E308	0.0	35.377200ms	220	0	0.0	35.377200ms	220	0	0.0	387.899600ms	100	0	0.0	21.410800ms	90	1	5.270973335296741E-7	21.410800ms	90	1	5.270973335296741E-7	
293	28100	94	527017	326	47	1528863.9191553476	39	3886866.7627711073	3	4019688.2542468226	45	4295369.1804631585	14	4174386.5830162736	1.7976931348623157E308	0.0	40.888ms	220	0	0.0	40.888ms	220	0	0.0	396.595900ms	100	0	0.0	10.986300ms	6	1	1.2136498601211798E-5	10.986300ms	6	1	1.2136498601211798E-5	
294	28202	102	527375	358	47	1528145.9911256072	39	3886866.7627711073	3	4019688.2542468226	45	4295369.1804631585	14	4174386.5830162736	1.7976931348623157E308	0.0	31.628700ms	220	1	7.768365744262065E-8	31.628700ms	220	1	7.768365744262065E-8	414.478400ms	100	0	0.0	15.547700ms	38	1	1.1907895195351655E-5	15.547700ms	38	1	1.1907895195351655E-5	
295	28437	234	527695	320	47	1525169.5932012666	39	3886866.7627711073	3	4019688.2542468226	45	4295369.1804631585	14	4174386.5830162736	1.7976931348623157E308	0.0	176.583900ms	220	1	8.853265036745661E-6	176.583900ms	220	1	8.853265036745661E-6	429.198800ms	100	0	0.0	0s	0	0	0.0	0s	0	0	0.0	
296	28519	82	528014	319	47	1525169.5932012666	39	3886866.7627711073	3	4019688.2542468226	45	4295369.1804631585	14	4174386.5830162736	1.7976931348623157E308	0.0	36.152500ms	220	0	0.0	36.152500ms	220	0	0.0	391.256600ms	100	0	0.0	0s	0	0	0.0	0s	0	0	0.0	
297	28620	100	528351	337	47	1524755.3098034773	39	3886866.7627711073	3	4019688.2542468226	45	4295369.1804631585	14	4174386.5830162736	1.7976931348623157E308	0.0	42.515400ms	220	0	0.0	42.515400ms	220	0	0.0	370.164700ms	100	0	1.841508988723217E-4	12.278800ms	17	1	1.5978296278196247E-5	12.278800ms	17	1	1.5978296278196247E-5	
298	28717	96	528683	332	47	1524331.1574050947	39	3886866.7627711073	3	4019688.2542468226	45	4295369.1804631585	14	4174386.5830162736	1.7976931348623157E308	0.0	37.161700ms	220	0	0.0	37.161700ms	220	0	0.0	374.770900ms	100	0	0.0	12.610200ms	12	1	2.3181446210607248E-5	12.610200ms	12	1	2.3181446210607248E-5	
299	28884	167	529008	325	47	1523619.1014119028	39	3886866.7627711073	3	4019688.2542468226	45	4295369.1804631585	14	4174386.5830162736	1.7976931348623157E308	0.0	97.112500ms	220	0	0.0	97.112500ms	220	0	0.0	457.182600ms	100	0	0.0	11.711100ms	6	1	7.785447295281338E-5	11.711100ms	6	1	7.785447295281338E-5	
300	28994	109	529339	331	47	1521316.88798522	39	3886866.7627711073	3	4019688.2542468226	45	4295369.1804631585	14	4174386.5830162736	1.7976931348623157E308	0.0	48.327900ms	220	0	0.0	48.327900ms	220	0	0.0	423.115800ms	100	0	0.0	12.673500ms	12	1	1.2591803208062782E-4	12.673500ms	12	1	1.2591803208062782E-4	
301	29104	109	529665	326	47	1518357.4358613926	39	3886866.7627711073	3	4019688.2542468226	45	4295369.1804631585	14	4174386.5830162736	1.7976931348623157E308	0.0	45.579700ms	220	1	1.4654534879961338E-6	45.579700ms	220	1	1.4654534879961338E-6	413.474500ms	100	0	0.0	11.502600ms	6	1	2.705743718735554E-4	11.502600ms	6	1	2.705743718735554E-4	
302	29186	82	529985	320	47	1518192.6143313055	39	3886866.7627711073	3	4019688.2542468226	45	4295369.1804631585	14	4174386.5830162736	1.7976931348623157E308	0.0	40.662800ms	220	1	4.934205579191927E-7	40.662800ms	220	1	4.934205579191927E-7	380.759200ms	100	0	0.0	0s	0	0	0.0	0s	0	0	0.0	
303	29291	104	530305	320	47	1518192.6143313055	39	3886866.7627711073	3	4019688.2542468226	45	4295369.1804631585	14	4174386.5830162736	1.7976931348623157E308	0.0	57.795600ms	220	0	0.0	57.795600ms	220	0	0.0	386.130100ms	100	0	0.0	0s	0	0	0.0	0s	0	0	0.0	
304	29388	96	530655	350	47	1511099.6919436227	39	3886866.7627711073	3	4019688.2542468226	45	4295369.1804631585	14	4174386.5830162736	1.7976931348623157E308	0.0	40.757400ms	220	1	2.1114397244810134E-5	40.757400ms	220	1	2.1114397244810134E-5	384.716600ms	100	0	0.0	13.312800ms	30	1	8.96972890851444E-7	13.312800ms	30	1	8.96972890851444E-7	
305	29477	89	530975	320	47	1508347.2157407186	39	3886866.7627711073	3	4019688.2542468226	45	4295369.1804631585	14	4174386.5830162736	1.7976931348623157E308	0.0	37.842900ms	220	1	8.279569861902036E-6	37.842900ms	220	1	8.279569861902036E-6	401.675900ms	100	0	0.0	0s	0	0	0.0	0s	0	0	0.0	
306	29559	82	531294	319	47	1508347.2157407186	39	3886866.7627711073	3	4019688.2542468226	45	4295369.1804631585	14	4174386.5830162736	1.7976931348623157E308	0.0	35.454700ms	220	0	0.0	35.454700ms	220	0	0.0	390.708100ms	100	0	0.0	0s	0	0	0.0	0s	0	0	0.0	
307	29652	93	531617	323	47	1508198.1747948544	39	3886866.7627711073	3	4019688.2542468226	45	4295369.1804631585	14	4174386.5830162736	1.7976931348623157E308	0.0	38.369ms	220	1	7.596313475567339E-8	38.369ms	220	1	7.596313475567339E-8	390.255200ms	100	0	0.0	11.036400ms	4	1	2.0525062446263842E-5	11.036400ms	4	1	2.0525062446263842E-5	
308	29763	110	531937	320	47	1506891.4202825415	39	3886866.7627711073	3	4019688.2542468226	45	4295369.1804631585	14	4174386.5830162736	1.7976931348623157E308	0.0	64.431300ms	220	1	3.938337373066652E-6	64.431300ms	220	1	3.938337373066652E-6	380.836100ms	100	0	0.0	0s	0	0	0.0	0s	0	0	0.0	
309	29845	82	532257	320	47	1506760.8893871512	39	3886866.7627711073	3	4019688.2542468226	45	4295369.1804631585	14	4174386.5830162736	1.7976931348623157E308	0.0	39.909600ms	220	1	3.937392195537984E-7	39.909600ms	220	1	3.937392195537984E-7	370.993900ms	100	0	0.0	0s	0	0	0.0	0s	0	0	0.0	
