"generation"	"timeTotal"	"timeOfIteration"	"fitnessCallCountSoFar"	"fitnessCallCountOfIteration"	"idOfBest"	"costOfBest"	"idOfSecond"	"costOfSecond"	"idOfThird"	"costOfThird"	"idOfWorst"	"costOfWorst"	"idOfMedian"	"costOfMedian"	"diversity"	"geneBalance"	"spentTimeOfMutation"	"spentBudgetOfMutation"	"improvementCountPerRunOfMutation"	"improvementCountPerBudgetOfMutation"	"spentTimeOfMutationOnBest"	"spentBudgetOfMutationOnBest"	"improvementCountPerRunOfMutationOnBest"	"improvementCountPerBudgetOfMutationOnBest"	"spentTimeOfGeneTransfer"	"spentBudgetOfGeneTransfer"	"improvementCountPerRunOfGeneTransfer"	"improvementCountPerBudgetOfGeneTransfer"	"spentTimeOfBoost"	"spentBudgetOfBoost"	"improvementCountPerRunOfBoost"	"improvementCountPerBudgetOfBoost"	"spentTimeOfBoostOnBest"	"spentBudgetOfBoostOnBest"	"improvementCountPerRunOfBoostOnBest"	"improvementCountPerBudgetOfBoostOnBest"	
2	2	2	32	32	0	2327871.0	null	null	null	null	0	2327871.0	0	2327871.0	1.7976931348623157E308	0.0	272.7us	30	272.7us	0.00759297505811252	272.7us	30	272.7us	0.00759297505811252	0s	0	0s	0.0	1.308600ms	1	1.308600ms	0.02121851160993604	1.308600ms	1	1.308600ms	0.02121851160993604	
3	4	2	64	32	0	2011728.0	null	null	null	null	0	2011728.0	0	2011728.0	1.7976931348623157E308	0.0	261.1us	30	261.1us	0.0033089762876996904	261.1us	30	261.1us	0.0033089762876996904	0s	0	0s	0.0	1.71ms	2	1.71ms	0.0202826960772311	1.71ms	2	1.71ms	0.0202826960772311	
4	6	2	97	33	0	1762278.0	null	null	null	null	0	1762278.0	0	1762278.0	1.7976931348623157E308	0.0	276.7us	30	276.7us	0.004006068221898155	276.7us	30	276.7us	0.004006068221898155	0s	0	0s	0.0	1.633500ms	3	1.633500ms	0.0014456891455173482	1.633500ms	3	1.633500ms	0.0014456891455173482	
5	9	2	128	31	0	1760250.0	null	null	null	null	0	1760250.0	0	1760250.0	1.7976931348623157E308	0.0	257us	30	257us	0.0	257us	30	257us	0.0	0s	0	0s	0.0	1.805500ms	1	1.805500ms	0.001150783247591991	1.805500ms	1	1.805500ms	0.001150783247591991	
6	11	2	172	44	0	1667975.0	null	null	null	null	0	1667975.0	0	1667975.0	1.7976931348623157E308	0.0	260.1us	30	260.1us	0.001556352405142003	260.1us	30	260.1us	0.001556352405142003	0s	0	0s	0.0	1.881600ms	14	1.881600ms	4.294032909286411E-4	1.881600ms	14	1.881600ms	4.294032909286411E-4	
7	14	2	208	36	0	1576694.0	null	null	null	null	0	1576694.0	0	1576694.0	1.7976931348623157E308	0.0	266us	30	266us	0.001555635771016702	266us	30	266us	0.001555635771016702	0s	0	0s	0.0	1.969700ms	6	1.969700ms	0.0014084943319494132	1.969700ms	6	1.969700ms	0.0014084943319494132	
8	16	2	254	46	0	1516035.0	null	null	null	null	0	1516035.0	0	1516035.0	1.7976931348623157E308	0.0	263.2us	30	263.2us	9.008159071407433E-4	263.2us	30	263.2us	9.008159071407433E-4	0s	0	0s	0.0	2.079700ms	16	2.079700ms	7.353598732537797E-4	2.079700ms	16	2.079700ms	7.353598732537797E-4	
9	19	2	347	93	0	1508343.0	null	null	null	null	0	1508343.0	0	1508343.0	1.7976931348623157E308	0.0	249.7us	30	249.7us	7.096416662421741E-5	249.7us	30	249.7us	7.096416662421741E-5	0s	0	0s	0.0	2.285400ms	63	2.285400ms	4.684316194274769E-5	2.285400ms	63	2.285400ms	4.684316194274769E-5	
10	22	2	388	41	0	1460121.0	null	null	null	null	0	1460121.0	0	1460121.0	1.7976931348623157E308	0.0	262.5us	30	262.5us	9.817020156498027E-4	262.5us	30	262.5us	9.817020156498027E-4	0s	0	0s	0.0	1.858900ms	11	1.858900ms	2.3596031599516407E-4	1.858900ms	11	1.858900ms	2.3596031599516407E-4	
11	24	2	463	75	0	1424137.0	null	null	null	null	0	1424137.0	0	1424137.0	1.7976931348623157E308	0.0	248.6us	30	248.6us	7.438564791327281E-4	248.6us	30	248.6us	7.438564791327281E-4	0s	0	0s	0.0	2ms	45	2ms	5.293320819910679E-5	2ms	45	2ms	5.293320819910679E-5	
12	27	2	498	35	0	1383750.0	null	null	null	null	0	1383750.0	0	1383750.0	1.7976931348623157E308	0.0	256.4us	30	256.4us	7.270350335971527E-4	256.4us	30	256.4us	7.270350335971527E-4	0s	0	0s	0.0	1.983700ms	5	1.983700ms	0.0013387756936305895	1.983700ms	5	1.983700ms	0.0013387756936305895	
13	29	2	529	31	0	1325937.0	null	null	null	null	0	1325937.0	0	1325937.0	1.7976931348623157E308	0.0	253.6us	30	253.6us	0.001135360299324247	253.6us	30	253.6us	0.001135360299324247	0s	0	0s	0.0	2.002700ms	1	2.002700ms	0.007991327913279167	2.002700ms	1	2.002700ms	0.007991327913279167	
14	32	2	583	54	0	1282436.0	null	null	null	null	0	1282436.0	0	1282436.0	1.7976931348623157E308	0.0	262.3us	30	262.3us	9.816238164863952E-4	262.3us	30	262.3us	9.816238164863952E-4	0s	0	0s	0.0	2.087900ms	24	2.087900ms	1.442061978309169E-4	2.087900ms	24	2.087900ms	1.442061978309169E-4	
15	35	2	645	62	0	1274736.0	null	null	null	null	0	1274736.0	0	1274736.0	1.7976931348623157E308	0.0	252.4us	30	252.4us	0.0	252.4us	30	252.4us	0.0	0s	0	0s	0.0	2.174300ms	32	2.174300ms	1.8763119563081423E-4	2.174300ms	32	2.174300ms	1.8763119563081423E-4	
16	38	2	678	33	0	1272852.0	null	null	null	null	0	1272852.0	0	1272852.0	1.7976931348623157E308	0.0	265.7us	30	265.7us	0.0	265.7us	30	265.7us	0.0	0s	0	0s	0.0	2.129200ms	3	2.129200ms	4.926510273499662E-4	2.129200ms	3	2.129200ms	4.926510273499662E-4	
17	40	2	712	34	0	1264158.0	null	null	null	null	0	1264158.0	0	1264158.0	1.7976931348623157E308	0.0	251.3us	30	251.3us	0.0	251.3us	30	251.3us	0.0	0s	0	0s	0.0	2.401100ms	4	2.401100ms	0.001707582656899631	2.401100ms	4	2.401100ms	0.001707582656899631	
18	43	2	757	45	0	1232533.0	null	null	null	null	0	1232533.0	0	1232533.0	1.7976931348623157E308	0.0	262.9us	30	262.9us	1.1320147517693835E-4	262.9us	30	262.9us	1.1320147517693835E-4	0s	0	0s	0.0	2.259800ms	15	2.259800ms	0.0014462854590433579	2.259800ms	15	2.259800ms	0.0014462854590433579	
19	48	4	798	41	0	1161606.0	null	null	null	null	0	1161606.0	0	1161606.0	1.7976931348623157E308	0.0	1.639ms	30	1.639ms	0.0017634061427325117	1.639ms	30	1.639ms	0.0017634061427325117	0s	0	0s	0.0	2.220400ms	11	2.220400ms	4.4571921105855547E-4	2.220400ms	11	2.220400ms	4.4571921105855547E-4	
20	50	2	873	75	0	1156299.0	null	null	null	null	0	1156299.0	0	1156299.0	1.7976931348623157E308	0.0	250.7us	30	250.7us	0.0	250.7us	30	250.7us	0.0	0s	0	0s	0.0	2.355700ms	45	2.355700ms	1.0152610552401784E-4	2.355700ms	45	2.355700ms	1.0152610552401784E-4	
21	53	2	925	52	0	1144921.0	null	null	null	null	0	1144921.0	0	1144921.0	1.7976931348623157E308	0.0	250us	30	250us	0.0	250us	30	250us	0.0	0s	0	0s	0.0	2.355100ms	22	2.355100ms	4.4727342856978625E-4	2.355100ms	22	2.355100ms	4.4727342856978625E-4	
22	56	3	1039	114	0	1134827.0	null	null	null	null	0	1134827.0	0	1134827.0	1.7976931348623157E308	0.0	248.8us	30	248.8us	7.569829700811621E-5	248.8us	30	248.8us	7.569829700811621E-5	0s	0	0s	0.0	2.567300ms	84	2.567300ms	7.809854711955335E-5	2.567300ms	84	2.567300ms	7.809854711955335E-5	
23	59	2	1077	38	0	1125748.0	null	null	null	null	0	1125748.0	0	1125748.0	1.7976931348623157E308	0.0	256.2us	30	256.2us	0.0	256.2us	30	256.2us	0.0	0s	0	0s	0.0	2.414300ms	8	2.414300ms	0.001000042297195955	2.414300ms	8	2.414300ms	0.001000042297195955	
24	63	3	1179	102	0	1125741.0	null	null	null	null	0	1125741.0	0	1125741.0	1.7976931348623157E308	0.0	250.1us	30	250.1us	0.0	250.1us	30	250.1us	0.0	0s	0	0s	0.0	2.608800ms	72	2.608800ms	8.636233173196937E-8	2.608800ms	72	2.608800ms	8.636233173196937E-8	
25	66	3	1239	60	0	1124492.0	null	null	null	null	0	1124492.0	0	1124492.0	1.7976931348623157E308	0.0	246.3us	30	246.3us	0.0	246.3us	30	246.3us	0.0	0s	0	0s	0.0	2.569200ms	30	2.569200ms	3.698304790652104E-5	2.569200ms	30	2.569200ms	3.698304790652104E-5	
26	69	3	1299	60	0	1114109.0	null	null	null	null	0	1114109.0	0	1114109.0	1.7976931348623157E308	0.0	255.7us	30	255.7us	0.0	255.7us	30	255.7us	0.0	0s	0	0s	0.0	2.661ms	30	2.661ms	3.077834257602552E-4	2.661ms	30	2.661ms	3.077834257602552E-4	
27	72	3	1341	42	0	1109615.0	null	null	null	null	0	1109615.0	0	1109615.0	1.7976931348623157E308	0.0	249.9us	30	249.9us	0.0	249.9us	30	249.9us	0.0	0s	0	0s	0.0	2.648300ms	12	2.648300ms	3.361430524302378E-4	2.648300ms	12	2.648300ms	3.361430524302378E-4	
28	76	3	1421	80	0	1096858.0	null	null	null	null	0	1096858.0	0	1096858.0	1.7976931348623157E308	0.0	256.7us	30	256.7us	0.0	256.7us	30	256.7us	0.0	0s	0	0s	0.0	2.740600ms	50	2.740600ms	2.29935608296572E-4	2.740600ms	50	2.740600ms	2.29935608296572E-4	
29	79	3	1509	88	0	1078691.0	null	null	null	null	0	1078691.0	0	1078691.0	1.7976931348623157E308	0.0	255.7us	30	255.7us	3.5930285342222756E-4	255.7us	30	255.7us	3.5930285342222756E-4	0s	0	0s	0.0	2.739800ms	58	2.739800ms	1.0080517762303006E-4	2.739800ms	58	2.739800ms	1.0080517762303006E-4	
30	82	3	1626	117	0	1071477.0	null	null	null	null	0	1071477.0	0	1071477.0	1.7976931348623157E308	0.0	249.6us	30	249.6us	1.6107040300250564E-5	249.6us	30	249.6us	1.6107040300250564E-5	0s	0	0s	0.0	2.811900ms	87	2.811900ms	7.135084768611164E-5	2.811900ms	87	2.811900ms	7.135084768611164E-5	
31	86	3	1664	38	0	1069632.0	null	null	null	null	0	1069632.0	0	1069632.0	1.7976931348623157E308	0.0	245.3us	30	245.3us	0.0	245.3us	30	245.3us	0.0	0s	0	0s	0.0	2.960700ms	8	2.960700ms	2.152402711397411E-4	2.960700ms	8	2.960700ms	2.152402711397411E-4	
32	90	3	1795	131	0	1069632.0	null	null	null	null	0	1069632.0	0	1069632.0	1.7976931348623157E308	0.0	247.8us	30	247.8us	0.0	247.8us	30	247.8us	0.0	0s	0	0s	0.0	3.154100ms	101	3.154100ms	0.0	3.154100ms	101	3.154100ms	0.0	
33	93	3	1839	44	0	1065347.0	null	null	null	null	0	1065347.0	0	1065347.0	1.7976931348623157E308	0.0	254.6us	30	254.6us	0.0	254.6us	30	254.6us	0.0	0s	0	0s	0.0	2.789800ms	14	2.789800ms	2.8614647707943453E-4	2.789800ms	14	2.789800ms	2.8614647707943453E-4	
34	97	4	1882	43	0	1064512.0	null	null	null	null	0	1064512.0	0	1064512.0	1.7976931348623157E308	0.0	266us	30	266us	0.0	266us	30	266us	0.0	0s	0	0s	0.0	3.739800ms	13	3.739800ms	6.0290937347897184E-5	3.739800ms	13	3.739800ms	6.0290937347897184E-5	
35	101	3	1971	89	0	1062645.0	null	null	null	null	0	1062645.0	0	1062645.0	1.7976931348623157E308	0.0	254.6us	30	254.6us	0.0	254.6us	30	254.6us	0.0	0s	0	0s	0.0	3.033900ms	59	3.033900ms	2.9726360808154705E-5	3.033900ms	59	3.033900ms	2.9726360808154705E-5	
36	104	3	2014	43	0	1056505.0	null	null	null	null	0	1056505.0	0	1056505.0	1.7976931348623157E308	0.0	263.5us	30	263.5us	0.0	263.5us	30	263.5us	0.0	0s	0	0s	0.0	2.934ms	13	2.934ms	4.4446423058282973E-4	2.934ms	13	2.934ms	4.4446423058282973E-4	
37	108	3	2145	131	0	1056505.0	null	null	null	null	0	1056505.0	0	1056505.0	1.7976931348623157E308	0.0	252.2us	30	252.2us	0.0	252.2us	30	252.2us	0.0	0s	0	0s	0.0	3.126700ms	101	3.126700ms	0.0	3.126700ms	101	3.126700ms	0.0	
38	112	3	2180	35	0	1039716.0	null	null	null	null	0	1039716.0	0	1039716.0	1.7976931348623157E308	0.0	249.4us	30	249.4us	0.0	249.4us	30	249.4us	0.0	0s	0	0s	0.0	3.165100ms	5	3.165100ms	0.003178214963488113	3.165100ms	5	3.165100ms	0.003178214963488113	
39	116	3	2296	116	0	1031799.0	null	null	null	null	0	1031799.0	0	1031799.0	1.7976931348623157E308	0.0	247.4us	30	247.4us	0.0	247.4us	30	247.4us	0.0	0s	0	0s	0.0	3.163300ms	86	3.163300ms	8.854162053376531E-5	3.163300ms	86	3.163300ms	8.854162053376531E-5	
40	119	3	2397	101	0	1028463.0	null	null	null	null	0	1028463.0	0	1028463.0	1.7976931348623157E308	0.0	246.3us	30	246.3us	9.646632695007318E-5	246.3us	30	246.3us	9.646632695007318E-5	0s	0	0s	0.0	3.142100ms	71	3.142100ms	4.791303317633998E-6	3.142100ms	71	3.142100ms	4.791303317633998E-6	
41	123	4	2504	107	0	1022813.0	null	null	null	null	0	1022813.0	0	1022813.0	1.7976931348623157E308	0.0	247.3us	30	247.3us	0.0	247.3us	30	247.3us	0.0	0s	0	0s	0.0	3.453300ms	77	3.453300ms	7.134590488585715E-5	3.453300ms	77	3.453300ms	7.134590488585715E-5	
42	127	3	2608	104	0	1013663.0	null	null	null	null	0	1013663.0	0	1013663.0	1.7976931348623157E308	0.0	256.4us	30	256.4us	0.0	256.4us	30	256.4us	0.0	0s	0	0s	0.0	3.259400ms	74	3.259400ms	1.208907675681168E-4	3.259400ms	74	3.259400ms	1.208907675681168E-4	
43	131	3	2739	131	0	1013663.0	null	null	null	null	0	1013663.0	0	1013663.0	1.7976931348623157E308	0.0	250.9us	30	250.9us	0.0	250.9us	30	250.9us	0.0	0s	0	0s	0.0	3.357400ms	101	3.357400ms	0.0	3.357400ms	101	3.357400ms	0.0	
44	135	3	2805	66	0	1011103.0	null	null	null	null	0	1011103.0	0	1011103.0	1.7976931348623157E308	0.0	252us	30	252us	0.0	252us	30	252us	0.0	0s	0	0s	0.0	3.173600ms	36	3.173600ms	7.015261591979898E-5	3.173600ms	36	3.173600ms	7.015261591979898E-5	
45	139	3	2884	79	0	1010493.0	null	null	null	null	0	1010493.0	0	1010493.0	1.7976931348623157E308	0.0	246.3us	30	246.3us	0.0	246.3us	30	246.3us	0.0	0s	0	0s	0.0	3.342100ms	49	3.342100ms	1.231227638711006E-5	3.342100ms	49	3.342100ms	1.231227638711006E-5	
46	143	3	2922	38	0	1005616.0	null	null	null	null	0	1005616.0	0	1005616.0	1.7976931348623157E308	0.0	256.6us	30	256.6us	0.0	256.6us	30	256.6us	0.0	0s	0	0s	0.0	3.218ms	8	3.218ms	6.032946294531466E-4	3.218ms	8	3.218ms	6.032946294531466E-4	
47	147	3	2962	40	0	1005298.0	null	null	null	null	0	1005298.0	0	1005298.0	1.7976931348623157E308	0.0	252.8us	30	252.8us	0.0	252.8us	30	252.8us	0.0	0s	0	0s	0.0	3.394500ms	10	3.394500ms	3.162240855356657E-5	3.394500ms	10	3.394500ms	3.162240855356657E-5	
48	151	4	3093	131	0	1005298.0	null	null	null	null	0	1005298.0	0	1005298.0	1.7976931348623157E308	0.0	229.4us	30	229.4us	0.0	229.4us	30	229.4us	0.0	0s	0	0s	0.0	3.611100ms	101	3.611100ms	0.0	3.611100ms	101	3.611100ms	0.0	
49	155	3	3127	34	0	1005298.0	null	null	null	null	0	1005298.0	0	1005298.0	1.7976931348623157E308	0.0	255.8us	30	255.8us	0.0	255.8us	30	255.8us	0.0	0s	0	0s	0.0	3.374300ms	4	3.374300ms	0.0	3.374300ms	4	3.374300ms	0.0	
50	159	3	3192	65	0	1003288.0	null	null	null	null	0	1003288.0	0	1003288.0	1.7976931348623157E308	0.0	228us	30	228us	0.0	228us	30	228us	0.0	0s	0	0s	0.0	3.390300ms	35	3.390300ms	5.7125918313346724E-5	3.390300ms	35	3.390300ms	5.7125918313346724E-5	
51	163	4	3276	84	0	998252.0	null	null	null	null	0	998252.0	0	998252.0	1.7976931348623157E308	0.0	246.2us	30	246.2us	0.0	246.2us	30	246.2us	0.0	0s	0	0s	0.0	3.488ms	54	3.488ms	9.295362773127904E-5	3.488ms	54	3.488ms	9.295362773127904E-5	
52	167	4	3327	51	0	988819.0	null	null	null	null	0	988819.0	0	988819.0	1.7976931348623157E308	0.0	223.8us	30	223.8us	0.0	223.8us	30	223.8us	0.0	0s	0	0s	0.0	3.483600ms	21	3.483600ms	4.499770360494897E-4	3.483600ms	21	3.483600ms	4.499770360494897E-4	
53	171	4	3444	117	0	985582.0	null	null	null	null	0	985582.0	0	985582.0	1.7976931348623157E308	0.0	255.8us	30	255.8us	0.0	255.8us	30	255.8us	0.0	0s	0	0s	0.0	3.949500ms	87	3.949500ms	3.762761086884833E-5	3.949500ms	87	3.949500ms	3.762761086884833E-5	
54	176	4	3575	131	0	985582.0	null	null	null	null	0	985582.0	0	985582.0	1.7976931348623157E308	0.0	229.5us	30	229.5us	0.0	229.5us	30	229.5us	0.0	0s	0	0s	0.0	3.742500ms	101	3.742500ms	0.0	3.742500ms	101	3.742500ms	0.0	
55	180	4	3706	131	0	985582.0	null	null	null	null	0	985582.0	0	985582.0	1.7976931348623157E308	0.0	250.7us	30	250.7us	0.0	250.7us	30	250.7us	0.0	0s	0	0s	0.0	3.725ms	101	3.725ms	0.0	3.725ms	101	3.725ms	0.0	
56	184	4	3837	131	0	985582.0	null	null	null	null	0	985582.0	0	985582.0	1.7976931348623157E308	0.0	227.7us	30	227.7us	0.0	227.7us	30	227.7us	0.0	0s	0	0s	0.0	3.884800ms	101	3.884800ms	0.0	3.884800ms	101	3.884800ms	0.0	
57	189	4	3968	131	0	984706.0	null	null	null	null	0	984706.0	0	984706.0	1.7976931348623157E308	0.0	246.8us	30	246.8us	2.9627164457142938E-5	246.8us	30	246.8us	2.9627164457142938E-5	0s	0	0s	0.0	3.866700ms	101	3.866700ms	0.0	3.866700ms	101	3.866700ms	0.0	
58	193	4	4042	74	0	966315.0	null	null	null	null	0	966315.0	0	966315.0	1.7976931348623157E308	0.0	233.1us	30	233.1us	0.0	233.1us	30	233.1us	0.0	0s	0	0s	0.0	3.701200ms	44	3.701200ms	4.244691031914837E-4	3.701200ms	44	3.701200ms	4.244691031914837E-4	
59	198	5	4074	32	0	965120.0	null	null	null	null	0	965120.0	0	965120.0	1.7976931348623157E308	0.0	250.3us	30	250.3us	0.0	250.3us	30	250.3us	0.0	0s	0	0s	0.0	4.467700ms	2	4.467700ms	6.183283918804738E-4	4.467700ms	2	4.467700ms	6.183283918804738E-4	
60	203	4	4205	131	0	964842.0	null	null	null	null	0	964842.0	0	964842.0	1.7976931348623157E308	0.0	249.1us	30	249.1us	9.601569407602373E-6	249.1us	30	249.1us	9.601569407602373E-6	0s	0	0s	0.0	3.999100ms	101	3.999100ms	0.0	3.999100ms	101	3.999100ms	0.0	
61	207	4	4266	61	0	962464.0	null	null	null	null	0	962464.0	0	962464.0	1.7976931348623157E308	0.0	254.7us	30	254.7us	0.0	254.7us	30	254.7us	0.0	0s	0	0s	0.0	3.961900ms	31	3.961900ms	7.950491108321689E-5	3.961900ms	31	3.961900ms	7.950491108321689E-5	
62	212	4	4397	131	0	962041.0	null	null	null	null	0	962041.0	0	962041.0	1.7976931348623157E308	0.0	226.9us	30	226.9us	1.4649898593610543E-5	226.9us	30	226.9us	1.4649898593610543E-5	0s	0	0s	0.0	3.939600ms	101	3.939600ms	0.0	3.939600ms	101	3.939600ms	0.0	
63	216	4	4528	131	0	961537.0	null	null	null	null	0	961537.0	0	961537.0	1.7976931348623157E308	0.0	245.7us	30	245.7us	1.746287320394761E-5	245.7us	30	245.7us	1.746287320394761E-5	0s	0	0s	0.0	4.034900ms	101	4.034900ms	0.0	4.034900ms	101	4.034900ms	0.0	
64	221	4	4563	35	0	957514.0	null	null	null	null	0	957514.0	0	957514.0	1.7976931348623157E308	0.0	252.5us	30	252.5us	0.0	252.5us	30	252.5us	0.0	0s	0	0s	0.0	3.841600ms	5	3.841600ms	8.367852719136204E-4	3.841600ms	5	3.841600ms	8.367852719136204E-4	
65	225	4	4628	65	0	951521.0	null	null	null	null	0	951521.0	0	951521.0	1.7976931348623157E308	0.0	238.2us	30	238.2us	0.0	238.2us	30	238.2us	0.0	0s	0	0s	0.0	3.864200ms	35	3.864200ms	1.7882618053477144E-4	3.864200ms	35	3.864200ms	1.7882618053477144E-4	
66	230	4	4759	131	0	944409.0	null	null	null	null	0	944409.0	0	944409.0	1.7976931348623157E308	0.0	223.9us	30	223.9us	2.4914496544654977E-4	223.9us	30	223.9us	2.4914496544654977E-4	0s	0	0s	0.0	4.077600ms	101	4.077600ms	0.0	4.077600ms	101	4.077600ms	0.0	
67	234	4	4817	58	0	940581.0	null	null	null	null	0	940581.0	0	940581.0	1.7976931348623157E308	0.0	254.4us	30	254.4us	0.0	254.4us	30	254.4us	0.0	0s	0	0s	0.0	3.938400ms	28	3.938400ms	1.4476173534378308E-4	3.938400ms	28	3.938400ms	1.4476173534378308E-4	
68	239	4	4948	131	0	940581.0	null	null	null	null	0	940581.0	0	940581.0	1.7976931348623157E308	0.0	228.7us	30	228.7us	0.0	228.7us	30	228.7us	0.0	0s	0	0s	0.0	4.224400ms	101	4.224400ms	0.0	4.224400ms	101	4.224400ms	0.0	
69	244	4	5079	131	0	931508.0	null	null	null	null	0	931508.0	0	931508.0	1.7976931348623157E308	0.0	252.3us	30	252.3us	3.2153885027800253E-4	252.3us	30	252.3us	3.2153885027800253E-4	0s	0	0s	0.0	4.087700ms	101	4.087700ms	0.0	4.087700ms	101	4.087700ms	0.0	
70	248	4	5121	42	0	927016.0	null	null	null	null	0	927016.0	0	927016.0	1.7976931348623157E308	0.0	225.5us	30	225.5us	0.0	225.5us	30	225.5us	0.0	0s	0	0s	0.0	4.170500ms	12	4.170500ms	4.018573467252373E-4	4.170500ms	12	4.170500ms	4.018573467252373E-4	
71	253	4	5156	35	0	923453.0	null	null	null	null	0	923453.0	0	923453.0	1.7976931348623157E308	0.0	242.8us	30	242.8us	0.0	242.8us	30	242.8us	0.0	0s	0	0s	0.0	4.114800ms	5	4.114800ms	7.687030213070712E-4	4.114800ms	5	4.114800ms	7.687030213070712E-4	
72	258	5	5287	131	0	923453.0	null	null	null	null	0	923453.0	0	923453.0	1.7976931348623157E308	0.0	232.1us	30	232.1us	0.0	232.1us	30	232.1us	0.0	0s	0	0s	0.0	4.548800ms	101	4.548800ms	0.0	4.548800ms	101	4.548800ms	0.0	
73	263	5	5418	131	0	923453.0	null	null	null	null	0	923453.0	0	923453.0	1.7976931348623157E308	0.0	252.9us	30	252.9us	0.0	252.9us	30	252.9us	0.0	0s	0	0s	0.0	4.499400ms	101	4.499400ms	0.0	4.499400ms	101	4.499400ms	0.0	
74	268	4	5478	60	0	923393.0	null	null	null	null	0	923393.0	0	923393.0	1.7976931348623157E308	0.0	226.3us	30	226.3us	0.0	226.3us	30	226.3us	0.0	0s	0	0s	0.0	4.398100ms	30	4.398100ms	2.16578429004984E-6	4.398100ms	30	4.398100ms	2.16578429004984E-6	
75	273	5	5563	85	0	923393.0	null	null	null	null	0	923393.0	0	923393.0	1.7976931348623157E308	0.0	245.9us	30	245.9us	0.0	245.9us	30	245.9us	0.0	0s	0	0s	0.0	4.503900ms	55	4.503900ms	0.0	4.503900ms	55	4.503900ms	0.0	
76	279	5	5694	131	0	923393.0	null	null	null	null	0	923393.0	0	923393.0	1.7976931348623157E308	0.0	223.2us	30	223.2us	0.0	223.2us	30	223.2us	0.0	0s	0	0s	0.0	4.913500ms	101	4.913500ms	0.0	4.913500ms	101	4.913500ms	0.0	
77	284	5	5776	82	0	923174.0	null	null	null	null	0	923174.0	0	923174.0	1.7976931348623157E308	0.0	255.1us	30	255.1us	0.0	255.1us	30	255.1us	0.0	0s	0	0s	0.0	4.468ms	52	4.468ms	4.560938258724595E-6	4.468ms	52	4.468ms	4.560938258724595E-6	
78	289	5	5907	131	0	921194.0	null	null	null	null	0	921194.0	0	921194.0	1.7976931348623157E308	0.0	231.6us	30	231.6us	7.149248137404326E-5	231.6us	30	231.6us	7.149248137404326E-5	0s	0	0s	0.0	4.935ms	101	4.935ms	0.0	4.935ms	101	4.935ms	0.0	
79	295	5	6038	131	0	921194.0	null	null	null	null	0	921194.0	0	921194.0	1.7976931348623157E308	0.0	309.5us	30	309.5us	0.0	309.5us	30	309.5us	0.0	0s	0	0s	0.0	5.397100ms	101	5.397100ms	0.0	5.397100ms	101	5.397100ms	0.0	
80	301	5	6169	131	0	921194.0	null	null	null	null	0	921194.0	0	921194.0	1.7976931348623157E308	0.0	252.5us	30	252.5us	0.0	252.5us	30	252.5us	0.0	0s	0	0s	0.0	4.796100ms	101	4.796100ms	0.0	4.796100ms	101	4.796100ms	0.0	
81	306	5	6300	131	0	917367.0	null	null	null	null	0	917367.0	0	917367.0	1.7976931348623157E308	0.0	219.6us	30	219.6us	1.3847969772563158E-4	219.6us	30	219.6us	1.3847969772563158E-4	0s	0	0s	0.0	4.890600ms	101	4.890600ms	0.0	4.890600ms	101	4.890600ms	0.0	
82	311	5	6431	131	0	917367.0	null	null	null	null	0	917367.0	0	917367.0	1.7976931348623157E308	0.0	321.7us	30	321.7us	0.0	321.7us	30	321.7us	0.0	0s	0	0s	0.0	4.848800ms	101	4.848800ms	0.0	4.848800ms	101	4.848800ms	0.0	
83	317	5	6562	131	0	917367.0	null	null	null	null	0	917367.0	0	917367.0	1.7976931348623157E308	0.0	222.2us	30	222.2us	0.0	222.2us	30	222.2us	0.0	0s	0	0s	0.0	4.862900ms	101	4.862900ms	0.0	4.862900ms	101	4.862900ms	0.0	
84	323	5	6693	131	0	917367.0	null	null	null	null	0	917367.0	0	917367.0	1.7976931348623157E308	0.0	245.3us	30	245.3us	0.0	245.3us	30	245.3us	0.0	0s	0	0s	0.0	5.110600ms	101	5.110600ms	0.0	5.110600ms	101	5.110600ms	0.0	
85	328	5	6795	102	0	913416.0	null	null	null	null	0	913416.0	0	913416.0	1.7976931348623157E308	0.0	232.5us	30	232.5us	0.0	232.5us	30	232.5us	0.0	0s	0	0s	0.0	4.945500ms	72	4.945500ms	5.981793546094386E-5	4.945500ms	72	4.945500ms	5.981793546094386E-5	
86	334	5	6862	67	0	909798.0	null	null	null	null	0	909798.0	0	909798.0	1.7976931348623157E308	0.0	252.3us	30	252.3us	0.0	252.3us	30	252.3us	0.0	0s	0	0s	0.0	4.916400ms	37	4.916400ms	1.0705284753473096E-4	4.916400ms	37	4.916400ms	1.0705284753473096E-4	
87	339	5	6993	131	0	909798.0	null	null	null	null	0	909798.0	0	909798.0	1.7976931348623157E308	0.0	226.6us	30	226.6us	0.0	226.6us	30	226.6us	0.0	0s	0	0s	0.0	5.180500ms	101	5.180500ms	0.0	5.180500ms	101	5.180500ms	0.0	
88	345	5	7124	131	0	909798.0	null	null	null	null	0	909798.0	0	909798.0	1.7976931348623157E308	0.0	245.8us	30	245.8us	0.0	245.8us	30	245.8us	0.0	0s	0	0s	0.0	5.180500ms	101	5.180500ms	0.0	5.180500ms	101	5.180500ms	0.0	
89	351	5	7255	131	0	909798.0	null	null	null	null	0	909798.0	0	909798.0	1.7976931348623157E308	0.0	222.7us	30	222.7us	0.0	222.7us	30	222.7us	0.0	0s	0	0s	0.0	5.265600ms	101	5.265600ms	0.0	5.265600ms	101	5.265600ms	0.0	
90	356	5	7291	36	0	906104.0	null	null	null	null	0	906104.0	0	906104.0	1.7976931348623157E308	0.0	244.3us	30	244.3us	0.0	244.3us	30	244.3us	0.0	0s	0	0s	0.0	4.891ms	6	4.891ms	6.767069906360076E-4	4.891ms	6	4.891ms	6.767069906360076E-4	
91	363	6	7382	91	0	899626.0	null	null	null	null	0	899626.0	0	899626.0	1.7976931348623157E308	0.0	233.1us	30	233.1us	0.0	233.1us	30	233.1us	0.0	0s	0	0s	0.0	5.997100ms	61	5.997100ms	1.1720147059440709E-4	5.997100ms	61	5.997100ms	1.1720147059440709E-4	
92	369	5	7513	131	0	899626.0	null	null	null	null	0	899626.0	0	899626.0	1.7976931348623157E308	0.0	251.5us	30	251.5us	0.0	251.5us	30	251.5us	0.0	0s	0	0s	0.0	5.170200ms	101	5.170200ms	0.0	5.170200ms	101	5.170200ms	0.0	
93	374	5	7644	131	0	899626.0	null	null	null	null	0	899626.0	0	899626.0	1.7976931348623157E308	0.0	251.9us	30	251.9us	0.0	251.9us	30	251.9us	0.0	0s	0	0s	0.0	5.086200ms	101	5.086200ms	0.0	5.086200ms	101	5.086200ms	0.0	
94	380	5	7775	131	0	899626.0	null	null	null	null	0	899626.0	0	899626.0	1.7976931348623157E308	0.0	249.3us	30	249.3us	0.0	249.3us	30	249.3us	0.0	0s	0	0s	0.0	5.149ms	101	5.149ms	0.0	5.149ms	101	5.149ms	0.0	
95	386	5	7807	32	0	886751.0	null	null	null	null	0	886751.0	0	886751.0	1.7976931348623157E308	0.0	259.5us	30	259.5us	0.0	259.5us	30	259.5us	0.0	0s	0	0s	0.0	4.785900ms	2	4.785900ms	0.007155751390022058	4.785900ms	2	4.785900ms	0.007155751390022058	
96	392	6	7842	35	0	886751.0	null	null	null	null	0	886751.0	0	886751.0	1.7976931348623157E308	0.0	263.8us	30	263.8us	0.0	263.8us	30	263.8us	0.0	0s	0	0s	0.0	5.550400ms	5	5.550400ms	0.0	5.550400ms	5	5.550400ms	0.0	
97	397	5	7973	131	0	886751.0	null	null	null	null	0	886751.0	0	886751.0	1.7976931348623157E308	0.0	251.9us	30	251.9us	0.0	251.9us	30	251.9us	0.0	0s	0	0s	0.0	5.318400ms	101	5.318400ms	0.0	5.318400ms	101	5.318400ms	0.0	
98	403	5	8104	131	0	886751.0	null	null	null	null	0	886751.0	0	886751.0	1.7976931348623157E308	0.0	248.1us	30	248.1us	0.0	248.1us	30	248.1us	0.0	0s	0	0s	0.0	5.100200ms	101	5.100200ms	0.0	5.100200ms	101	5.100200ms	0.0	
99	409	5	8235	131	0	886751.0	null	null	null	null	0	886751.0	0	886751.0	1.7976931348623157E308	0.0	254.1us	30	254.1us	0.0	254.1us	30	254.1us	0.0	0s	0	0s	0.0	5.176600ms	101	5.176600ms	0.0	5.176600ms	101	5.176600ms	0.0	
100	415	5	8366	131	0	886751.0	null	null	null	null	0	886751.0	0	886751.0	1.7976931348623157E308	0.0	244us	30	244us	0.0	244us	30	244us	0.0	0s	0	0s	0.0	5.320700ms	101	5.320700ms	0.0	5.320700ms	101	5.320700ms	0.0	
101	421	5	8497	131	0	886751.0	null	null	null	null	0	886751.0	0	886751.0	1.7976931348623157E308	0.0	245.1us	30	245.1us	0.0	245.1us	30	245.1us	0.0	0s	0	0s	0.0	5.249800ms	101	5.249800ms	0.0	5.249800ms	101	5.249800ms	0.0	
102	426	5	8628	131	0	886751.0	null	null	null	null	0	886751.0	0	886751.0	1.7976931348623157E308	0.0	245.2us	30	245.2us	0.0	245.2us	30	245.2us	0.0	0s	0	0s	0.0	5.235500ms	101	5.235500ms	0.0	5.235500ms	101	5.235500ms	0.0	
103	432	5	8759	131	0	886751.0	null	null	null	null	0	886751.0	0	886751.0	1.7976931348623157E308	0.0	255.9us	30	255.9us	0.0	255.9us	30	255.9us	0.0	0s	0	0s	0.0	5.336500ms	101	5.336500ms	0.0	5.336500ms	101	5.336500ms	0.0	
104	438	5	8850	91	0	884571.0	null	null	null	null	0	884571.0	0	884571.0	1.7976931348623157E308	0.0	252.2us	30	252.2us	0.0	252.2us	30	252.2us	0.0	0s	0	0s	0.0	5.339300ms	61	5.339300ms	4.030184901740407E-5	5.339300ms	61	5.339300ms	4.030184901740407E-5	
105	444	5	8981	131	0	884571.0	null	null	null	null	0	884571.0	0	884571.0	1.7976931348623157E308	0.0	249.3us	30	249.3us	0.0	249.3us	30	249.3us	0.0	0s	0	0s	0.0	5.363200ms	101	5.363200ms	0.0	5.363200ms	101	5.363200ms	0.0	
106	450	6	9112	131	0	884571.0	null	null	null	null	0	884571.0	0	884571.0	1.7976931348623157E308	0.0	247.1us	30	247.1us	0.0	247.1us	30	247.1us	0.0	0s	0	0s	0.0	5.406600ms	101	5.406600ms	0.0	5.406600ms	101	5.406600ms	0.0	
107	456	6	9243	131	0	884571.0	null	null	null	null	0	884571.0	0	884571.0	1.7976931348623157E308	0.0	245.5us	30	245.5us	0.0	245.5us	30	245.5us	0.0	0s	0	0s	0.0	5.537600ms	101	5.537600ms	0.0	5.537600ms	101	5.537600ms	0.0	
108	463	6	9374	131	0	884571.0	null	null	null	null	0	884571.0	0	884571.0	1.7976931348623157E308	0.0	259.2us	30	259.2us	0.0	259.2us	30	259.2us	0.0	0s	0	0s	0.0	6.056300ms	101	6.056300ms	0.0	6.056300ms	101	6.056300ms	0.0	
109	469	6	9505	131	0	884571.0	null	null	null	null	0	884571.0	0	884571.0	1.7976931348623157E308	0.0	244.6us	30	244.6us	0.0	244.6us	30	244.6us	0.0	0s	0	0s	0.0	5.481200ms	101	5.481200ms	0.0	5.481200ms	101	5.481200ms	0.0	
110	475	6	9636	131	0	884571.0	null	null	null	null	0	884571.0	0	884571.0	1.7976931348623157E308	0.0	247us	30	247us	0.0	247us	30	247us	0.0	0s	0	0s	0.0	5.493200ms	101	5.493200ms	0.0	5.493200ms	101	5.493200ms	0.0	
111	481	6	9767	131	0	884240.0	null	null	null	null	0	884240.0	0	884240.0	1.7976931348623157E308	0.0	253.9us	30	253.9us	1.2473089591828282E-5	253.9us	30	253.9us	1.2473089591828282E-5	0s	0	0s	0.0	5.549700ms	101	5.549700ms	0.0	5.549700ms	101	5.549700ms	0.0	
112	487	6	9898	131	0	884240.0	null	null	null	null	0	884240.0	0	884240.0	1.7976931348623157E308	0.0	264.6us	30	264.6us	0.0	264.6us	30	264.6us	0.0	0s	0	0s	0.0	5.907100ms	101	5.907100ms	0.0	5.907100ms	101	5.907100ms	0.0	
113	494	6	9996	98	0	884240.0	null	null	null	null	0	884240.0	0	884240.0	1.7976931348623157E308	0.0	257.6us	30	257.6us	0.0	257.6us	30	257.6us	0.0	0s	0	0s	0.0	5.814200ms	68	5.814200ms	0.0	5.814200ms	68	5.814200ms	0.0	
114	500	6	10127	131	0	884240.0	null	null	null	null	0	884240.0	0	884240.0	1.7976931348623157E308	0.0	247.7us	30	247.7us	0.0	247.7us	30	247.7us	0.0	0s	0	0s	0.0	5.745600ms	101	5.745600ms	0.0	5.745600ms	101	5.745600ms	0.0	
115	506	6	10258	131	0	884240.0	null	null	null	null	0	884240.0	0	884240.0	1.7976931348623157E308	0.0	243.4us	30	243.4us	0.0	243.4us	30	243.4us	0.0	0s	0	0s	0.0	5.738800ms	101	5.738800ms	0.0	5.738800ms	101	5.738800ms	0.0	
116	513	6	10389	131	0	884240.0	null	null	null	null	0	884240.0	0	884240.0	1.7976931348623157E308	0.0	245.2us	30	245.2us	0.0	245.2us	30	245.2us	0.0	0s	0	0s	0.0	5.739ms	101	5.739ms	0.0	5.739ms	101	5.739ms	0.0	
117	519	6	10520	131	0	884240.0	null	null	null	null	0	884240.0	0	884240.0	1.7976931348623157E308	0.0	261.4us	30	261.4us	0.0	261.4us	30	261.4us	0.0	0s	0	0s	0.0	5.974800ms	101	5.974800ms	0.0	5.974800ms	101	5.974800ms	0.0	
118	526	6	10651	131	0	882566.0	null	null	null	null	0	882566.0	0	882566.0	1.7976931348623157E308	0.0	257.3us	30	257.3us	6.310503935583004E-5	257.3us	30	257.3us	6.310503935583004E-5	0s	0	0s	0.0	5.835200ms	101	5.835200ms	0.0	5.835200ms	101	5.835200ms	0.0	
119	532	6	10710	59	0	878293.0	null	null	null	null	0	878293.0	0	878293.0	1.7976931348623157E308	0.0	249.9us	30	249.9us	0.0	249.9us	30	249.9us	0.0	0s	0	0s	0.0	5.609600ms	29	5.609600ms	1.6695049161898976E-4	5.609600ms	29	5.609600ms	1.6695049161898976E-4	
120	538	6	10841	131	0	878293.0	null	null	null	null	0	878293.0	0	878293.0	1.7976931348623157E308	0.0	243.9us	30	243.9us	0.0	243.9us	30	243.9us	0.0	0s	0	0s	0.0	5.854100ms	101	5.854100ms	0.0	5.854100ms	101	5.854100ms	0.0	
121	545	6	10972	131	0	878293.0	null	null	null	null	0	878293.0	0	878293.0	1.7976931348623157E308	0.0	253.2us	30	253.2us	0.0	253.2us	30	253.2us	0.0	0s	0	0s	0.0	5.959300ms	101	5.959300ms	0.0	5.959300ms	101	5.959300ms	0.0	
122	551	6	11103	131	0	878293.0	null	null	null	null	0	878293.0	0	878293.0	1.7976931348623157E308	0.0	249.3us	30	249.3us	0.0	249.3us	30	249.3us	0.0	0s	0	0s	0.0	5.843ms	101	5.843ms	0.0	5.843ms	101	5.843ms	0.0	
123	558	6	11234	131	0	878293.0	null	null	null	null	0	878293.0	0	878293.0	1.7976931348623157E308	0.0	244.9us	30	244.9us	0.0	244.9us	30	244.9us	0.0	0s	0	0s	0.0	5.947400ms	101	5.947400ms	0.0	5.947400ms	101	5.947400ms	0.0	
124	565	6	11365	131	0	878293.0	null	null	null	null	0	878293.0	0	878293.0	1.7976931348623157E308	0.0	246.3us	30	246.3us	0.0	246.3us	30	246.3us	0.0	0s	0	0s	0.0	6.319300ms	101	6.319300ms	0.0	6.319300ms	101	6.319300ms	0.0	
125	571	6	11496	131	0	878293.0	null	null	null	null	0	878293.0	0	878293.0	1.7976931348623157E308	0.0	254.9us	30	254.9us	0.0	254.9us	30	254.9us	0.0	0s	0	0s	0.0	5.955100ms	101	5.955100ms	0.0	5.955100ms	101	5.955100ms	0.0	
126	578	6	11627	131	0	878293.0	null	null	null	null	0	878293.0	0	878293.0	1.7976931348623157E308	0.0	256.1us	30	256.1us	0.0	256.1us	30	256.1us	0.0	0s	0	0s	0.0	6.150400ms	101	6.150400ms	0.0	6.150400ms	101	6.150400ms	0.0	
127	585	7	11758	131	0	878293.0	null	null	null	null	0	878293.0	0	878293.0	1.7976931348623157E308	0.0	251.6us	30	251.6us	0.0	251.6us	30	251.6us	0.0	0s	0	0s	0.0	6.448800ms	101	6.448800ms	0.0	6.448800ms	101	6.448800ms	0.0	
128	592	6	11889	131	0	878293.0	null	null	null	null	0	878293.0	0	878293.0	1.7976931348623157E308	0.0	258.3us	30	258.3us	0.0	258.3us	30	258.3us	0.0	0s	0	0s	0.0	6.179100ms	101	6.179100ms	0.0	6.179100ms	101	6.179100ms	0.0	
129	599	6	12020	131	0	878293.0	null	null	null	null	0	878293.0	0	878293.0	1.7976931348623157E308	0.0	256us	30	256us	0.0	256us	30	256us	0.0	0s	0	0s	0.0	6.275200ms	101	6.275200ms	0.0	6.275200ms	101	6.275200ms	0.0	
130	605	6	12150	130	0	878293.0	null	null	null	null	0	878293.0	0	878293.0	1.7976931348623157E308	0.0	253.6us	30	253.6us	0.0	253.6us	30	253.6us	0.0	0s	0	0s	0.0	6.191800ms	100	6.191800ms	0.0	6.191800ms	100	6.191800ms	0.0	
131	612	6	12281	131	0	878293.0	null	null	null	null	0	878293.0	0	878293.0	1.7976931348623157E308	0.0	252.5us	30	252.5us	0.0	252.5us	30	252.5us	0.0	0s	0	0s	0.0	6.210900ms	101	6.210900ms	0.0	6.210900ms	101	6.210900ms	0.0	
132	619	6	12412	131	0	878293.0	null	null	null	null	0	878293.0	0	878293.0	1.7976931348623157E308	0.0	250.7us	30	250.7us	0.0	250.7us	30	250.7us	0.0	0s	0	0s	0.0	6.188400ms	101	6.188400ms	0.0	6.188400ms	101	6.188400ms	0.0	
133	626	6	12543	131	0	878293.0	null	null	null	null	0	878293.0	0	878293.0	1.7976931348623157E308	0.0	244us	30	244us	0.0	244us	30	244us	0.0	0s	0	0s	0.0	6.302100ms	101	6.302100ms	0.0	6.302100ms	101	6.302100ms	0.0	
134	633	6	12674	131	0	878293.0	null	null	null	null	0	878293.0	0	878293.0	1.7976931348623157E308	0.0	248us	30	248us	0.0	248us	30	248us	0.0	0s	0	0s	0.0	6.352800ms	101	6.352800ms	0.0	6.352800ms	101	6.352800ms	0.0	
135	640	7	12805	131	0	878293.0	null	null	null	null	0	878293.0	0	878293.0	1.7976931348623157E308	0.0	273.6us	30	273.6us	0.0	273.6us	30	273.6us	0.0	0s	0	0s	0.0	6.471800ms	101	6.471800ms	0.0	6.471800ms	101	6.471800ms	0.0	
136	647	7	12936	131	0	878293.0	null	null	null	null	0	878293.0	0	878293.0	1.7976931348623157E308	0.0	252.8us	30	252.8us	0.0	252.8us	30	252.8us	0.0	0s	0	0s	0.0	6.560600ms	101	6.560600ms	0.0	6.560600ms	101	6.560600ms	0.0	
137	654	7	13067	131	0	878293.0	null	null	null	null	0	878293.0	0	878293.0	1.7976931348623157E308	0.0	250.9us	30	250.9us	0.0	250.9us	30	250.9us	0.0	0s	0	0s	0.0	6.559300ms	101	6.559300ms	0.0	6.559300ms	101	6.559300ms	0.0	
138	661	6	13198	131	0	878293.0	null	null	null	null	0	878293.0	0	878293.0	1.7976931348623157E308	0.0	244.1us	30	244.1us	0.0	244.1us	30	244.1us	0.0	0s	0	0s	0.0	6.394300ms	101	6.394300ms	0.0	6.394300ms	101	6.394300ms	0.0	
139	668	7	13329	131	0	878293.0	null	null	null	null	0	878293.0	0	878293.0	1.7976931348623157E308	0.0	252.1us	30	252.1us	0.0	252.1us	30	252.1us	0.0	0s	0	0s	0.0	6.486800ms	101	6.486800ms	0.0	6.486800ms	101	6.486800ms	0.0	
140	675	7	13460	131	0	878293.0	null	null	null	null	0	878293.0	0	878293.0	1.7976931348623157E308	0.0	260.1us	30	260.1us	0.0	260.1us	30	260.1us	0.0	0s	0	0s	0.0	6.618700ms	101	6.618700ms	0.0	6.618700ms	101	6.618700ms	0.0	
141	683	7	13591	131	0	878293.0	null	null	null	null	0	878293.0	0	878293.0	1.7976931348623157E308	0.0	255.6us	30	255.6us	0.0	255.6us	30	255.6us	0.0	0s	0	0s	0.0	7.099500ms	101	7.099500ms	0.0	7.099500ms	101	7.099500ms	0.0	
142	691	7	13722	131	0	878293.0	null	null	null	null	0	878293.0	0	878293.0	1.7976931348623157E308	0.0	249.8us	30	249.8us	0.0	249.8us	30	249.8us	0.0	0s	0	0s	0.0	7.026300ms	101	7.026300ms	0.0	7.026300ms	101	7.026300ms	0.0	
143	698	7	13853	131	0	878293.0	null	null	null	null	0	878293.0	0	878293.0	1.7976931348623157E308	0.0	244.3us	30	244.3us	0.0	244.3us	30	244.3us	0.0	0s	0	0s	0.0	7.273200ms	101	7.273200ms	0.0	7.273200ms	101	7.273200ms	0.0	
144	706	7	13984	131	0	878293.0	null	null	null	null	0	878293.0	0	878293.0	1.7976931348623157E308	0.0	255.6us	30	255.6us	0.0	255.6us	30	255.6us	0.0	0s	0	0s	0.0	7.031500ms	101	7.031500ms	0.0	7.031500ms	101	7.031500ms	0.0	
145	714	7	14115	131	0	878293.0	null	null	null	null	0	878293.0	0	878293.0	1.7976931348623157E308	0.0	256us	30	256us	0.0	256us	30	256us	0.0	0s	0	0s	0.0	7.113900ms	101	7.113900ms	0.0	7.113900ms	101	7.113900ms	0.0	
146	721	7	14246	131	0	878293.0	null	null	null	null	0	878293.0	0	878293.0	1.7976931348623157E308	0.0	398.5us	30	398.5us	0.0	398.5us	30	398.5us	0.0	0s	0	0s	0.0	7.064300ms	101	7.064300ms	0.0	7.064300ms	101	7.064300ms	0.0	
147	729	7	14303	57	0	878293.0	null	null	null	null	0	878293.0	0	878293.0	1.7976931348623157E308	0.0	243.7us	30	243.7us	0.0	243.7us	30	243.7us	0.0	0s	0	0s	0.0	6.848700ms	27	6.848700ms	0.0	6.848700ms	27	6.848700ms	0.0	
148	737	8	14434	131	0	878293.0	null	null	null	null	0	878293.0	0	878293.0	1.7976931348623157E308	0.0	251.9us	30	251.9us	0.0	251.9us	30	251.9us	0.0	0s	0	0s	0.0	7.472ms	101	7.472ms	0.0	7.472ms	101	7.472ms	0.0	
149	745	7	14565	131	0	878293.0	null	null	null	null	0	878293.0	0	878293.0	1.7976931348623157E308	0.0	251.3us	30	251.3us	0.0	251.3us	30	251.3us	0.0	0s	0	0s	0.0	7.279800ms	101	7.279800ms	0.0	7.279800ms	101	7.279800ms	0.0	
150	754	8	14696	131	0	878293.0	null	null	null	null	0	878293.0	0	878293.0	1.7976931348623157E308	0.0	262.1us	30	262.1us	0.0	262.1us	30	262.1us	0.0	0s	0	0s	0.0	8.411400ms	101	8.411400ms	0.0	8.411400ms	101	8.411400ms	0.0	
151	761	7	14827	131	0	878293.0	null	null	null	null	0	878293.0	0	878293.0	1.7976931348623157E308	0.0	246.3us	30	246.3us	0.0	246.3us	30	246.3us	0.0	0s	0	0s	0.0	7.262500ms	101	7.262500ms	0.0	7.262500ms	101	7.262500ms	0.0	
152	769	7	14958	131	0	878293.0	null	null	null	null	0	878293.0	0	878293.0	1.7976931348623157E308	0.0	253.7us	30	253.7us	0.0	253.7us	30	253.7us	0.0	0s	0	0s	0.0	7.378800ms	101	7.378800ms	0.0	7.378800ms	101	7.378800ms	0.0	
153	777	7	15089	131	0	878293.0	null	null	null	null	0	878293.0	0	878293.0	1.7976931348623157E308	0.0	254.6us	30	254.6us	0.0	254.6us	30	254.6us	0.0	0s	0	0s	0.0	7.270400ms	101	7.270400ms	0.0	7.270400ms	101	7.270400ms	0.0	
154	785	7	15220	131	0	878293.0	null	null	null	null	0	878293.0	0	878293.0	1.7976931348623157E308	0.0	251.6us	30	251.6us	0.0	251.6us	30	251.6us	0.0	0s	0	0s	0.0	7.300500ms	101	7.300500ms	0.0	7.300500ms	101	7.300500ms	0.0	
155	793	8	15351	131	0	878293.0	null	null	null	null	0	878293.0	0	878293.0	1.7976931348623157E308	0.0	250.3us	30	250.3us	0.0	250.3us	30	250.3us	0.0	0s	0	0s	0.0	7.421700ms	101	7.421700ms	0.0	7.421700ms	101	7.421700ms	0.0	
156	801	8	15482	131	0	878293.0	null	null	null	null	0	878293.0	0	878293.0	1.7976931348623157E308	0.0	307.3us	30	307.3us	0.0	307.3us	30	307.3us	0.0	0s	0	0s	0.0	7.434700ms	101	7.434700ms	0.0	7.434700ms	101	7.434700ms	0.0	
157	809	8	15613	131	0	878293.0	null	null	null	null	0	878293.0	0	878293.0	1.7976931348623157E308	0.0	243.3us	30	243.3us	0.0	243.3us	30	243.3us	0.0	0s	0	0s	0.0	7.455600ms	101	7.455600ms	0.0	7.455600ms	101	7.455600ms	0.0	
158	817	7	15744	131	0	878293.0	null	null	null	null	0	878293.0	0	878293.0	1.7976931348623157E308	0.0	252.7us	30	252.7us	0.0	252.7us	30	252.7us	0.0	0s	0	0s	0.0	7.448500ms	101	7.448500ms	0.0	7.448500ms	101	7.448500ms	0.0	
159	825	8	15875	131	0	878293.0	null	null	null	null	0	878293.0	0	878293.0	1.7976931348623157E308	0.0	250.7us	30	250.7us	0.0	250.7us	30	250.7us	0.0	0s	0	0s	0.0	7.529600ms	101	7.529600ms	0.0	7.529600ms	101	7.529600ms	0.0	
160	833	8	16006	131	0	878293.0	null	null	null	null	0	878293.0	0	878293.0	1.7976931348623157E308	0.0	316.5us	30	316.5us	0.0	316.5us	30	316.5us	0.0	0s	0	0s	0.0	7.546200ms	101	7.546200ms	0.0	7.546200ms	101	7.546200ms	0.0	
161	841	8	16137	131	0	878293.0	null	null	null	null	0	878293.0	0	878293.0	1.7976931348623157E308	0.0	247.1us	30	247.1us	0.0	247.1us	30	247.1us	0.0	0s	0	0s	0.0	7.419300ms	101	7.419300ms	0.0	7.419300ms	101	7.419300ms	0.0	
162	850	8	16268	131	0	878293.0	null	null	null	null	0	878293.0	0	878293.0	1.7976931348623157E308	0.0	254.8us	30	254.8us	0.0	254.8us	30	254.8us	0.0	0s	0	0s	0.0	7.736600ms	101	7.736600ms	0.0	7.736600ms	101	7.736600ms	0.0	
163	858	8	16399	131	0	878293.0	null	null	null	null	0	878293.0	0	878293.0	1.7976931348623157E308	0.0	250.7us	30	250.7us	0.0	250.7us	30	250.7us	0.0	0s	0	0s	0.0	7.571700ms	101	7.571700ms	0.0	7.571700ms	101	7.571700ms	0.0	
164	866	8	16456	57	0	878293.0	null	null	null	null	0	878293.0	0	878293.0	1.7976931348623157E308	0.0	252.5us	30	252.5us	0.0	252.5us	30	252.5us	0.0	0s	0	0s	0.0	7.484900ms	27	7.484900ms	0.0	7.484900ms	27	7.484900ms	0.0	
165	874	8	16587	131	0	878293.0	null	null	null	null	0	878293.0	0	878293.0	1.7976931348623157E308	0.0	249.7us	30	249.7us	0.0	249.7us	30	249.7us	0.0	0s	0	0s	0.0	7.72ms	101	7.72ms	0.0	7.72ms	101	7.72ms	0.0	
166	882	8	16718	131	0	878293.0	null	null	null	null	0	878293.0	0	878293.0	1.7976931348623157E308	0.0	258.2us	30	258.2us	0.0	258.2us	30	258.2us	0.0	0s	0	0s	0.0	7.514600ms	101	7.514600ms	0.0	7.514600ms	101	7.514600ms	0.0	
167	891	8	16849	131	0	878293.0	null	null	null	null	0	878293.0	0	878293.0	1.7976931348623157E308	0.0	257.5us	30	257.5us	0.0	257.5us	30	257.5us	0.0	0s	0	0s	0.0	7.691ms	101	7.691ms	0.0	7.691ms	101	7.691ms	0.0	
168	899	8	16980	131	0	878293.0	null	null	null	null	0	878293.0	0	878293.0	1.7976931348623157E308	0.0	243.9us	30	243.9us	0.0	243.9us	30	243.9us	0.0	0s	0	0s	0.0	7.680600ms	101	7.680600ms	0.0	7.680600ms	101	7.680600ms	0.0	
169	907	8	17111	131	0	878293.0	null	null	null	null	0	878293.0	0	878293.0	1.7976931348623157E308	0.0	247us	30	247us	0.0	247us	30	247us	0.0	0s	0	0s	0.0	7.758900ms	101	7.758900ms	0.0	7.758900ms	101	7.758900ms	0.0	
170	916	8	17242	131	0	878293.0	null	null	null	null	0	878293.0	0	878293.0	1.7976931348623157E308	0.0	256us	30	256us	0.0	256us	30	256us	0.0	0s	0	0s	0.0	7.800200ms	101	7.800200ms	0.0	7.800200ms	101	7.800200ms	0.0	
171	924	8	17373	131	0	878293.0	null	null	null	null	0	878293.0	0	878293.0	1.7976931348623157E308	0.0	256us	30	256us	0.0	256us	30	256us	0.0	0s	0	0s	0.0	7.812200ms	101	7.812200ms	0.0	7.812200ms	101	7.812200ms	0.0	
172	933	8	17504	131	0	878293.0	null	null	null	null	0	878293.0	0	878293.0	1.7976931348623157E308	0.0	252.6us	30	252.6us	0.0	252.6us	30	252.6us	0.0	0s	0	0s	0.0	8.186200ms	101	8.186200ms	0.0	8.186200ms	101	8.186200ms	0.0	
173	941	8	17635	131	0	878293.0	null	null	null	null	0	878293.0	0	878293.0	1.7976931348623157E308	0.0	255.4us	30	255.4us	0.0	255.4us	30	255.4us	0.0	0s	0	0s	0.0	8.167500ms	101	8.167500ms	0.0	8.167500ms	101	8.167500ms	0.0	
174	950	8	17766	131	0	878293.0	null	null	null	null	0	878293.0	0	878293.0	1.7976931348623157E308	0.0	248.8us	30	248.8us	0.0	248.8us	30	248.8us	0.0	0s	0	0s	0.0	7.869800ms	101	7.869800ms	0.0	7.869800ms	101	7.869800ms	0.0	
175	958	8	17897	131	0	878293.0	null	null	null	null	0	878293.0	0	878293.0	1.7976931348623157E308	0.0	244.4us	30	244.4us	0.0	244.4us	30	244.4us	0.0	0s	0	0s	0.0	7.973700ms	101	7.973700ms	0.0	7.973700ms	101	7.973700ms	0.0	
176	967	8	18028	131	0	878293.0	null	null	null	null	0	878293.0	0	878293.0	1.7976931348623157E308	0.0	247.2us	30	247.2us	0.0	247.2us	30	247.2us	0.0	0s	0	0s	0.0	8.279100ms	101	8.279100ms	0.0	8.279100ms	101	8.279100ms	0.0	
177	976	8	18159	131	0	878293.0	null	null	null	null	0	878293.0	0	878293.0	1.7976931348623157E308	0.0	243.6us	30	243.6us	0.0	243.6us	30	243.6us	0.0	0s	0	0s	0.0	7.909200ms	101	7.909200ms	0.0	7.909200ms	101	7.909200ms	0.0	
178	985	8	18290	131	0	878293.0	null	null	null	null	0	878293.0	0	878293.0	1.7976931348623157E308	0.0	246.4us	30	246.4us	0.0	246.4us	30	246.4us	0.0	0s	0	0s	0.0	8.182700ms	101	8.182700ms	0.0	8.182700ms	101	8.182700ms	0.0	
179	993	8	18421	131	0	878293.0	null	null	null	null	0	878293.0	0	878293.0	1.7976931348623157E308	0.0	246.7us	30	246.7us	0.0	246.7us	30	246.7us	0.0	0s	0	0s	0.0	8.144100ms	101	8.144100ms	0.0	8.144100ms	101	8.144100ms	0.0	
180	1002	9	18552	131	0	878293.0	null	null	null	null	0	878293.0	0	878293.0	1.7976931348623157E308	0.0	255.6us	30	255.6us	0.0	255.6us	30	255.6us	0.0	0s	0	0s	0.0	8.548900ms	101	8.548900ms	0.0	8.548900ms	101	8.548900ms	0.0	
181	1011	8	18609	57	0	878293.0	null	null	null	null	0	878293.0	0	878293.0	1.7976931348623157E308	0.0	252.2us	30	252.2us	0.0	252.2us	30	252.2us	0.0	0s	0	0s	0.0	8.017300ms	27	8.017300ms	0.0	8.017300ms	27	8.017300ms	0.0	
182	1020	9	18740	131	0	878293.0	null	null	null	null	0	878293.0	0	878293.0	1.7976931348623157E308	0.0	252.5us	30	252.5us	0.0	252.5us	30	252.5us	0.0	0s	0	0s	0.0	8.412600ms	101	8.412600ms	0.0	8.412600ms	101	8.412600ms	0.0	
183	1029	9	18871	131	0	878293.0	null	null	null	null	0	878293.0	0	878293.0	1.7976931348623157E308	0.0	267.9us	30	267.9us	0.0	267.9us	30	267.9us	0.0	0s	0	0s	0.0	8.489800ms	101	8.489800ms	0.0	8.489800ms	101	8.489800ms	0.0	
184	1038	8	19002	131	0	878293.0	null	null	null	null	0	878293.0	0	878293.0	1.7976931348623157E308	0.0	245.8us	30	245.8us	0.0	245.8us	30	245.8us	0.0	0s	0	0s	0.0	8.305700ms	101	8.305700ms	0.0	8.305700ms	101	8.305700ms	0.0	
185	1047	8	19133	131	0	878293.0	null	null	null	null	0	878293.0	0	878293.0	1.7976931348623157E308	0.0	255us	30	255us	0.0	255us	30	255us	0.0	0s	0	0s	0.0	8.366100ms	101	8.366100ms	0.0	8.366100ms	101	8.366100ms	0.0	
186	1056	8	19264	131	0	878293.0	null	null	null	null	0	878293.0	0	878293.0	1.7976931348623157E308	0.0	241.6us	30	241.6us	0.0	241.6us	30	241.6us	0.0	0s	0	0s	0.0	8.417700ms	101	8.417700ms	0.0	8.417700ms	101	8.417700ms	0.0	
187	1065	8	19395	131	0	878293.0	null	null	null	null	0	878293.0	0	878293.0	1.7976931348623157E308	0.0	244.3us	30	244.3us	0.0	244.3us	30	244.3us	0.0	0s	0	0s	0.0	8.386300ms	101	8.386300ms	0.0	8.386300ms	101	8.386300ms	0.0	
188	1074	8	19526	131	0	878293.0	null	null	null	null	0	878293.0	0	878293.0	1.7976931348623157E308	0.0	254.8us	30	254.8us	0.0	254.8us	30	254.8us	0.0	0s	0	0s	0.0	8.408700ms	101	8.408700ms	0.0	8.408700ms	101	8.408700ms	0.0	
189	1083	9	19657	131	0	878293.0	null	null	null	null	0	878293.0	0	878293.0	1.7976931348623157E308	0.0	254.3us	30	254.3us	0.0	254.3us	30	254.3us	0.0	0s	0	0s	0.0	8.458700ms	101	8.458700ms	0.0	8.458700ms	101	8.458700ms	0.0	
190	1092	9	19788	131	0	878293.0	null	null	null	null	0	878293.0	0	878293.0	1.7976931348623157E308	0.0	250.4us	30	250.4us	0.0	250.4us	30	250.4us	0.0	0s	0	0s	0.0	8.787700ms	101	8.787700ms	0.0	8.787700ms	101	8.787700ms	0.0	
191	1101	9	19919	131	0	878293.0	null	null	null	null	0	878293.0	0	878293.0	1.7976931348623157E308	0.0	249.4us	30	249.4us	0.0	249.4us	30	249.4us	0.0	0s	0	0s	0.0	8.577ms	101	8.577ms	0.0	8.577ms	101	8.577ms	0.0	
192	1110	9	20050	131	0	878293.0	null	null	null	null	0	878293.0	0	878293.0	1.7976931348623157E308	0.0	247.5us	30	247.5us	0.0	247.5us	30	247.5us	0.0	0s	0	0s	0.0	8.462500ms	101	8.462500ms	0.0	8.462500ms	101	8.462500ms	0.0	
193	1120	9	20181	131	0	878293.0	null	null	null	null	0	878293.0	0	878293.0	1.7976931348623157E308	0.0	253.1us	30	253.1us	0.0	253.1us	30	253.1us	0.0	0s	0	0s	0.0	8.861400ms	101	8.861400ms	0.0	8.861400ms	101	8.861400ms	0.0	
194	1129	9	20312	131	0	878293.0	null	null	null	null	0	878293.0	0	878293.0	1.7976931348623157E308	0.0	257.5us	30	257.5us	0.0	257.5us	30	257.5us	0.0	0s	0	0s	0.0	8.884200ms	101	8.884200ms	0.0	8.884200ms	101	8.884200ms	0.0	
195	1138	9	20443	131	0	878293.0	null	null	null	null	0	878293.0	0	878293.0	1.7976931348623157E308	0.0	243.1us	30	243.1us	0.0	243.1us	30	243.1us	0.0	0s	0	0s	0.0	8.520900ms	101	8.520900ms	0.0	8.520900ms	101	8.520900ms	0.0	
196	1147	9	20574	131	0	878293.0	null	null	null	null	0	878293.0	0	878293.0	1.7976931348623157E308	0.0	246.4us	30	246.4us	0.0	246.4us	30	246.4us	0.0	0s	0	0s	0.0	8.595200ms	101	8.595200ms	0.0	8.595200ms	101	8.595200ms	0.0	
197	1157	9	20705	131	0	878293.0	null	null	null	null	0	878293.0	0	878293.0	1.7976931348623157E308	0.0	245.7us	30	245.7us	0.0	245.7us	30	245.7us	0.0	0s	0	0s	0.0	8.564200ms	101	8.564200ms	0.0	8.564200ms	101	8.564200ms	0.0	
198	1166	9	20762	57	0	878293.0	null	null	null	null	0	878293.0	0	878293.0	1.7976931348623157E308	0.0	257.6us	30	257.6us	0.0	257.6us	30	257.6us	0.0	0s	0	0s	0.0	8.577700ms	27	8.577700ms	0.0	8.577700ms	27	8.577700ms	0.0	
199	1175	9	20893	131	0	878293.0	null	null	null	null	0	878293.0	0	878293.0	1.7976931348623157E308	0.0	265.9us	30	265.9us	0.0	265.9us	30	265.9us	0.0	0s	0	0s	0.0	8.926ms	101	8.926ms	0.0	8.926ms	101	8.926ms	0.0	
200	1185	9	21024	131	0	878293.0	null	null	null	null	0	878293.0	0	878293.0	1.7976931348623157E308	0.0	248.6us	30	248.6us	0.0	248.6us	30	248.6us	0.0	0s	0	0s	0.0	8.709700ms	101	8.709700ms	0.0	8.709700ms	101	8.709700ms	0.0	
201	1194	9	21155	131	0	878293.0	null	null	null	null	0	878293.0	0	878293.0	1.7976931348623157E308	0.0	247us	30	247us	0.0	247us	30	247us	0.0	0s	0	0s	0.0	9.052100ms	101	9.052100ms	0.0	9.052100ms	101	9.052100ms	0.0	
202	1204	9	21286	131	0	878293.0	null	null	null	null	0	878293.0	0	878293.0	1.7976931348623157E308	0.0	246.4us	30	246.4us	0.0	246.4us	30	246.4us	0.0	0s	0	0s	0.0	8.968200ms	101	8.968200ms	0.0	8.968200ms	101	8.968200ms	0.0	
203	1213	9	21417	131	0	878293.0	null	null	null	null	0	878293.0	0	878293.0	1.7976931348623157E308	0.0	263.9us	30	263.9us	0.0	263.9us	30	263.9us	0.0	0s	0	0s	0.0	9.104900ms	101	9.104900ms	0.0	9.104900ms	101	9.104900ms	0.0	
204	1223	9	21548	131	0	878293.0	null	null	null	null	0	878293.0	0	878293.0	1.7976931348623157E308	0.0	260.2us	30	260.2us	0.0	260.2us	30	260.2us	0.0	0s	0	0s	0.0	8.904ms	101	8.904ms	0.0	8.904ms	101	8.904ms	0.0	
205	1233	9	21679	131	0	878293.0	null	null	null	null	0	878293.0	0	878293.0	1.7976931348623157E308	0.0	251.5us	30	251.5us	0.0	251.5us	30	251.5us	0.0	0s	0	0s	0.0	8.969600ms	101	8.969600ms	0.0	8.969600ms	101	8.969600ms	0.0	
206	1242	9	21810	131	0	878293.0	null	null	null	null	0	878293.0	0	878293.0	1.7976931348623157E308	0.0	243.7us	30	243.7us	0.0	243.7us	30	243.7us	0.0	0s	0	0s	0.0	9.057400ms	101	9.057400ms	0.0	9.057400ms	101	9.057400ms	0.0	
207	1252	9	21941	131	0	878293.0	null	null	null	null	0	878293.0	0	878293.0	1.7976931348623157E308	0.0	252us	30	252us	0.0	252us	30	252us	0.0	0s	0	0s	0.0	8.952400ms	101	8.952400ms	0.0	8.952400ms	101	8.952400ms	0.0	
208	1261	9	22072	131	0	878293.0	null	null	null	null	0	878293.0	0	878293.0	1.7976931348623157E308	0.0	250.4us	30	250.4us	0.0	250.4us	30	250.4us	0.0	0s	0	0s	0.0	8.99ms	101	8.99ms	0.0	8.99ms	101	8.99ms	0.0	
209	1271	9	22203	131	0	878293.0	null	null	null	null	0	878293.0	0	878293.0	1.7976931348623157E308	0.0	249.6us	30	249.6us	0.0	249.6us	30	249.6us	0.0	0s	0	0s	0.0	9.271100ms	101	9.271100ms	0.0	9.271100ms	101	9.271100ms	0.0	
210	1281	9	22334	131	0	878293.0	null	null	null	null	0	878293.0	0	878293.0	1.7976931348623157E308	0.0	246us	30	246us	0.0	246us	30	246us	0.0	0s	0	0s	0.0	9.074500ms	101	9.074500ms	0.0	9.074500ms	101	9.074500ms	0.0	
211	1291	9	22465	131	0	878293.0	null	null	null	null	0	878293.0	0	878293.0	1.7976931348623157E308	0.0	252.1us	30	252.1us	0.0	252.1us	30	252.1us	0.0	0s	0	0s	0.0	9.224700ms	101	9.224700ms	0.0	9.224700ms	101	9.224700ms	0.0	
212	1301	10	22596	131	0	878293.0	null	null	null	null	0	878293.0	0	878293.0	1.7976931348623157E308	0.0	270.6us	30	270.6us	0.0	270.6us	30	270.6us	0.0	0s	0	0s	0.0	9.501300ms	101	9.501300ms	0.0	9.501300ms	101	9.501300ms	0.0	
213	1311	9	22727	131	0	878293.0	null	null	null	null	0	878293.0	0	878293.0	1.7976931348623157E308	0.0	250.4us	30	250.4us	0.0	250.4us	30	250.4us	0.0	0s	0	0s	0.0	9.395200ms	101	9.395200ms	0.0	9.395200ms	101	9.395200ms	0.0	
214	1320	9	22858	131	0	878293.0	null	null	null	null	0	878293.0	0	878293.0	1.7976931348623157E308	0.0	250.4us	30	250.4us	0.0	250.4us	30	250.4us	0.0	0s	0	0s	0.0	9.334800ms	101	9.334800ms	0.0	9.334800ms	101	9.334800ms	0.0	
215	1330	9	22915	57	0	878293.0	null	null	null	null	0	878293.0	0	878293.0	1.7976931348623157E308	0.0	240.8us	30	240.8us	0.0	240.8us	30	240.8us	0.0	0s	0	0s	0.0	9.188200ms	27	9.188200ms	0.0	9.188200ms	27	9.188200ms	0.0	
216	1341	10	23046	131	0	878293.0	null	null	null	null	0	878293.0	0	878293.0	1.7976931348623157E308	0.0	935us	30	935us	0.0	935us	30	935us	0.0	0s	0	0s	0.0	9.21ms	101	9.21ms	0.0	9.21ms	101	9.21ms	0.0	
217	1350	9	23177	131	0	878293.0	null	null	null	null	0	878293.0	0	878293.0	1.7976931348623157E308	0.0	248.4us	30	248.4us	0.0	248.4us	30	248.4us	0.0	0s	0	0s	0.0	9.266900ms	101	9.266900ms	0.0	9.266900ms	101	9.266900ms	0.0	
218	1361	10	23308	131	0	878293.0	null	null	null	null	0	878293.0	0	878293.0	1.7976931348623157E308	0.0	245.7us	30	245.7us	0.0	245.7us	30	245.7us	0.0	0s	0	0s	0.0	9.486100ms	101	9.486100ms	0.0	9.486100ms	101	9.486100ms	0.0	
219	1394	33	23439	131	0	878293.0	null	null	null	null	0	878293.0	0	878293.0	1.7976931348623157E308	0.0	228.5us	30	228.5us	0.0	228.5us	30	228.5us	0.0	0s	0	0s	0.0	33.063100ms	101	33.063100ms	0.0	33.063100ms	101	33.063100ms	0.0	
220	1404	10	23570	131	0	878293.0	null	null	null	null	0	878293.0	0	878293.0	1.7976931348623157E308	0.0	260us	30	260us	0.0	260us	30	260us	0.0	0s	0	0s	0.0	9.432800ms	101	9.432800ms	0.0	9.432800ms	101	9.432800ms	0.0	
221	1415	10	23701	131	0	878293.0	null	null	null	null	0	878293.0	0	878293.0	1.7976931348623157E308	0.0	253.4us	30	253.4us	0.0	253.4us	30	253.4us	0.0	0s	0	0s	0.0	9.81ms	101	9.81ms	0.0	9.81ms	101	9.81ms	0.0	
222	1425	10	23832	131	0	878293.0	null	null	null	null	0	878293.0	0	878293.0	1.7976931348623157E308	0.0	1.362600ms	30	1.362600ms	0.0	1.362600ms	30	1.362600ms	0.0	0s	0	0s	0.0	9.217900ms	101	9.217900ms	0.0	9.217900ms	101	9.217900ms	0.0	
223	1435	9	23963	131	0	878293.0	null	null	null	null	0	878293.0	0	878293.0	1.7976931348623157E308	0.0	250us	30	250us	0.0	250us	30	250us	0.0	0s	0	0s	0.0	9.198800ms	101	9.198800ms	0.0	9.198800ms	101	9.198800ms	0.0	
224	1446	11	24094	131	0	878293.0	null	null	null	null	0	878293.0	0	878293.0	1.7976931348623157E308	0.0	253.7us	30	253.7us	0.0	253.7us	30	253.7us	0.0	0s	0	0s	0.0	10.529900ms	101	10.529900ms	0.0	10.529900ms	101	10.529900ms	0.0	
225	1456	9	24225	131	0	878293.0	null	null	null	null	0	878293.0	0	878293.0	1.7976931348623157E308	0.0	250.5us	30	250.5us	0.0	250.5us	30	250.5us	0.0	0s	0	0s	0.0	9.223900ms	101	9.223900ms	0.0	9.223900ms	101	9.223900ms	0.0	
226	1466	9	24356	131	0	878293.0	null	null	null	null	0	878293.0	0	878293.0	1.7976931348623157E308	0.0	249.3us	30	249.3us	0.0	249.3us	30	249.3us	0.0	0s	0	0s	0.0	9.164500ms	101	9.164500ms	0.0	9.164500ms	101	9.164500ms	0.0	
227	1476	9	24487	131	0	878293.0	null	null	null	null	0	878293.0	0	878293.0	1.7976931348623157E308	0.0	244.9us	30	244.9us	0.0	244.9us	30	244.9us	0.0	0s	0	0s	0.0	9.129800ms	101	9.129800ms	0.0	9.129800ms	101	9.129800ms	0.0	
228	1485	9	24618	131	0	878293.0	null	null	null	null	0	878293.0	0	878293.0	1.7976931348623157E308	0.0	245.7us	30	245.7us	0.0	245.7us	30	245.7us	0.0	0s	0	0s	0.0	9.137ms	101	9.137ms	0.0	9.137ms	101	9.137ms	0.0	
229	1496	10	24749	131	0	878293.0	null	null	null	null	0	878293.0	0	878293.0	1.7976931348623157E308	0.0	262.9us	30	262.9us	0.0	262.9us	30	262.9us	0.0	0s	0	0s	0.0	9.655400ms	101	9.655400ms	0.0	9.655400ms	101	9.655400ms	0.0	
230	1604	108	24880	131	0	878293.0	null	null	null	null	0	878293.0	0	878293.0	1.7976931348623157E308	0.0	252.8us	30	252.8us	0.0	252.8us	30	252.8us	0.0	0s	0	0s	0.0	107.786500ms	101	107.786500ms	0.0	107.786500ms	101	107.786500ms	0.0	
231	1614	9	25011	131	0	878293.0	null	null	null	null	0	878293.0	0	878293.0	1.7976931348623157E308	0.0	392.7us	30	392.7us	0.0	392.7us	30	392.7us	0.0	0s	0	0s	0.0	9.191600ms	101	9.191600ms	0.0	9.191600ms	101	9.191600ms	0.0	
232	1623	9	25068	57	0	878293.0	null	null	null	null	0	878293.0	0	878293.0	1.7976931348623157E308	0.0	284us	30	284us	0.0	284us	30	284us	0.0	0s	0	0s	0.0	8.887800ms	27	8.887800ms	0.0	8.887800ms	27	8.887800ms	0.0	
233	1633	9	25199	131	0	878293.0	null	null	null	null	0	878293.0	0	878293.0	1.7976931348623157E308	0.0	245.8us	30	245.8us	0.0	245.8us	30	245.8us	0.0	0s	0	0s	0.0	9.029800ms	101	9.029800ms	0.0	9.029800ms	101	9.029800ms	0.0	
234	1643	9	25330	131	0	878293.0	null	null	null	null	0	878293.0	0	878293.0	1.7976931348623157E308	0.0	257.6us	30	257.6us	0.0	257.6us	30	257.6us	0.0	0s	0	0s	0.0	9.329ms	101	9.329ms	0.0	9.329ms	101	9.329ms	0.0	
235	1652	9	25461	131	0	878293.0	null	null	null	null	0	878293.0	0	878293.0	1.7976931348623157E308	0.0	251.5us	30	251.5us	0.0	251.5us	30	251.5us	0.0	0s	0	0s	0.0	9.155700ms	101	9.155700ms	0.0	9.155700ms	101	9.155700ms	0.0	
236	1662	9	25592	131	0	878293.0	null	null	null	null	0	878293.0	0	878293.0	1.7976931348623157E308	0.0	244us	30	244us	0.0	244us	30	244us	0.0	0s	0	0s	0.0	9.360100ms	101	9.360100ms	0.0	9.360100ms	101	9.360100ms	0.0	
237	1673	10	25723	131	0	878293.0	null	null	null	null	0	878293.0	0	878293.0	1.7976931348623157E308	0.0	914us	30	914us	0.0	914us	30	914us	0.0	0s	0	0s	0.0	8.963500ms	101	8.963500ms	0.0	8.963500ms	101	8.963500ms	0.0	
238	1682	9	25854	131	0	878293.0	null	null	null	null	0	878293.0	0	878293.0	1.7976931348623157E308	0.0	258.6us	30	258.6us	0.0	258.6us	30	258.6us	0.0	0s	0	0s	0.0	9.296400ms	101	9.296400ms	0.0	9.296400ms	101	9.296400ms	0.0	
239	1692	9	25985	131	0	878293.0	null	null	null	null	0	878293.0	0	878293.0	1.7976931348623157E308	0.0	253.5us	30	253.5us	0.0	253.5us	30	253.5us	0.0	0s	0	0s	0.0	9.028500ms	101	9.028500ms	0.0	9.028500ms	101	9.028500ms	0.0	
240	1702	9	26116	131	0	878293.0	null	null	null	null	0	878293.0	0	878293.0	1.7976931348623157E308	0.0	247.6us	30	247.6us	0.0	247.6us	30	247.6us	0.0	0s	0	0s	0.0	9.249400ms	101	9.249400ms	0.0	9.249400ms	101	9.249400ms	0.0	
241	1712	10	26247	131	0	878293.0	null	null	null	null	0	878293.0	0	878293.0	1.7976931348623157E308	0.0	245.3us	30	245.3us	0.0	245.3us	30	245.3us	0.0	0s	0	0s	0.0	9.453900ms	101	9.453900ms	0.0	9.453900ms	101	9.453900ms	0.0	
242	1722	9	26378	131	0	878293.0	null	null	null	null	0	878293.0	0	878293.0	1.7976931348623157E308	0.0	252.9us	30	252.9us	0.0	252.9us	30	252.9us	0.0	0s	0	0s	0.0	9.132600ms	101	9.132600ms	0.0	9.132600ms	101	9.132600ms	0.0	
243	1731	9	26509	131	0	878293.0	null	null	null	null	0	878293.0	0	878293.0	1.7976931348623157E308	0.0	247.1us	30	247.1us	0.0	247.1us	30	247.1us	0.0	0s	0	0s	0.0	9.065200ms	101	9.065200ms	0.0	9.065200ms	101	9.065200ms	0.0	
244	1741	9	26640	131	0	878293.0	null	null	null	null	0	878293.0	0	878293.0	1.7976931348623157E308	0.0	250.5us	30	250.5us	0.0	250.5us	30	250.5us	0.0	0s	0	0s	0.0	9.111600ms	101	9.111600ms	0.0	9.111600ms	101	9.111600ms	0.0	
245	1751	9	26771	131	0	878293.0	null	null	null	null	0	878293.0	0	878293.0	1.7976931348623157E308	0.0	244.6us	30	244.6us	0.0	244.6us	30	244.6us	0.0	0s	0	0s	0.0	9.075200ms	101	9.075200ms	0.0	9.075200ms	101	9.075200ms	0.0	
246	1760	9	26902	131	0	878293.0	null	null	null	null	0	878293.0	0	878293.0	1.7976931348623157E308	0.0	247.5us	30	247.5us	0.0	247.5us	30	247.5us	0.0	0s	0	0s	0.0	9.096200ms	101	9.096200ms	0.0	9.096200ms	101	9.096200ms	0.0	
247	1770	9	27033	131	0	878293.0	null	null	null	null	0	878293.0	0	878293.0	1.7976931348623157E308	0.0	261.8us	30	261.8us	0.0	261.8us	30	261.8us	0.0	0s	0	0s	0.0	9.332800ms	101	9.332800ms	0.0	9.332800ms	101	9.332800ms	0.0	
248	1780	9	27164	131	0	878293.0	null	null	null	null	0	878293.0	0	878293.0	1.7976931348623157E308	0.0	253us	30	253us	0.0	253us	30	253us	0.0	0s	0	0s	0.0	9.352300ms	101	9.352300ms	0.0	9.352300ms	101	9.352300ms	0.0	
249	1790	9	27221	57	0	878293.0	null	null	null	null	0	878293.0	0	878293.0	1.7976931348623157E308	0.0	252.1us	30	252.1us	0.0	252.1us	30	252.1us	0.0	0s	0	0s	0.0	9.134400ms	27	9.134400ms	0.0	9.134400ms	27	9.134400ms	0.0	
250	1799	9	27352	131	0	878293.0	null	null	null	null	0	878293.0	0	878293.0	1.7976931348623157E308	0.0	246.5us	30	246.5us	0.0	246.5us	30	246.5us	0.0	0s	0	0s	0.0	9.024600ms	101	9.024600ms	0.0	9.024600ms	101	9.024600ms	0.0	
251	1809	9	27483	131	0	878293.0	null	null	null	null	0	878293.0	0	878293.0	1.7976931348623157E308	0.0	246.1us	30	246.1us	0.0	246.1us	30	246.1us	0.0	0s	0	0s	0.0	9.398100ms	101	9.398100ms	0.0	9.398100ms	101	9.398100ms	0.0	
252	1819	9	27614	131	0	878293.0	null	null	null	null	0	878293.0	0	878293.0	1.7976931348623157E308	0.0	256.9us	30	256.9us	0.0	256.9us	30	256.9us	0.0	0s	0	0s	0.0	8.952ms	101	8.952ms	0.0	8.952ms	101	8.952ms	0.0	
253	1829	9	27745	131	0	878293.0	null	null	null	null	0	878293.0	0	878293.0	1.7976931348623157E308	0.0	251.4us	30	251.4us	0.0	251.4us	30	251.4us	0.0	0s	0	0s	0.0	9.165700ms	101	9.165700ms	0.0	9.165700ms	101	9.165700ms	0.0	
254	1838	9	27876	131	0	878293.0	null	null	null	null	0	878293.0	0	878293.0	1.7976931348623157E308	0.0	243.6us	30	243.6us	0.0	243.6us	30	243.6us	0.0	0s	0	0s	0.0	9.209500ms	101	9.209500ms	0.0	9.209500ms	101	9.209500ms	0.0	
255	1848	9	28007	131	0	878293.0	null	null	null	null	0	878293.0	0	878293.0	1.7976931348623157E308	0.0	255.4us	30	255.4us	0.0	255.4us	30	255.4us	0.0	0s	0	0s	0.0	9.139500ms	101	9.139500ms	0.0	9.139500ms	101	9.139500ms	0.0	
256	1858	9	28138	131	0	878293.0	null	null	null	null	0	878293.0	0	878293.0	1.7976931348623157E308	0.0	257.1us	30	257.1us	0.0	257.1us	30	257.1us	0.0	0s	0	0s	0.0	9.395ms	101	9.395ms	0.0	9.395ms	101	9.395ms	0.0	
257	1868	10	28269	131	0	878293.0	null	null	null	null	0	878293.0	0	878293.0	1.7976931348623157E308	0.0	257.2us	30	257.2us	0.0	257.2us	30	257.2us	0.0	0s	0	0s	0.0	9.548ms	101	9.548ms	0.0	9.548ms	101	9.548ms	0.0	
258	1878	9	28400	131	0	878293.0	null	null	null	null	0	878293.0	0	878293.0	1.7976931348623157E308	0.0	249.9us	30	249.9us	0.0	249.9us	30	249.9us	0.0	0s	0	0s	0.0	9.370400ms	101	9.370400ms	0.0	9.370400ms	101	9.370400ms	0.0	
259	1888	9	28531	131	0	878293.0	null	null	null	null	0	878293.0	0	878293.0	1.7976931348623157E308	0.0	261.1us	30	261.1us	0.0	261.1us	30	261.1us	0.0	0s	0	0s	0.0	9.347700ms	101	9.347700ms	0.0	9.347700ms	101	9.347700ms	0.0	
260	1898	9	28662	131	0	878293.0	null	null	null	null	0	878293.0	0	878293.0	1.7976931348623157E308	0.0	246.7us	30	246.7us	0.0	246.7us	30	246.7us	0.0	0s	0	0s	0.0	8.967200ms	101	8.967200ms	0.0	8.967200ms	101	8.967200ms	0.0	
261	1907	9	28793	131	0	878293.0	null	null	null	null	0	878293.0	0	878293.0	1.7976931348623157E308	0.0	243.1us	30	243.1us	0.0	243.1us	30	243.1us	0.0	0s	0	0s	0.0	9.101900ms	101	9.101900ms	0.0	9.101900ms	101	9.101900ms	0.0	
262	1917	9	28924	131	0	878293.0	null	null	null	null	0	878293.0	0	878293.0	1.7976931348623157E308	0.0	247.1us	30	247.1us	0.0	247.1us	30	247.1us	0.0	0s	0	0s	0.0	9.198800ms	101	9.198800ms	0.0	9.198800ms	101	9.198800ms	0.0	
263	1927	9	29055	131	0	878293.0	null	null	null	null	0	878293.0	0	878293.0	1.7976931348623157E308	0.0	245.3us	30	245.3us	0.0	245.3us	30	245.3us	0.0	0s	0	0s	0.0	9.251700ms	101	9.251700ms	0.0	9.251700ms	101	9.251700ms	0.0	
264	1937	9	29186	131	0	878293.0	null	null	null	null	0	878293.0	0	878293.0	1.7976931348623157E308	0.0	254.1us	30	254.1us	0.0	254.1us	30	254.1us	0.0	0s	0	0s	0.0	9.188300ms	101	9.188300ms	0.0	9.188300ms	101	9.188300ms	0.0	
265	1947	10	29317	131	0	878293.0	null	null	null	null	0	878293.0	0	878293.0	1.7976931348623157E308	0.0	261.3us	30	261.3us	0.0	261.3us	30	261.3us	0.0	0s	0	0s	0.0	9.462ms	101	9.462ms	0.0	9.462ms	101	9.462ms	0.0	
266	1956	9	29374	57	0	878293.0	null	null	null	null	0	878293.0	0	878293.0	1.7976931348623157E308	0.0	249.4us	30	249.4us	0.0	249.4us	30	249.4us	0.0	0s	0	0s	0.0	9.085400ms	27	9.085400ms	0.0	9.085400ms	27	9.085400ms	0.0	
267	1966	9	29505	131	0	878293.0	null	null	null	null	0	878293.0	0	878293.0	1.7976931348623157E308	0.0	244.9us	30	244.9us	0.0	244.9us	30	244.9us	0.0	0s	0	0s	0.0	9.104500ms	101	9.104500ms	0.0	9.104500ms	101	9.104500ms	0.0	
268	1976	9	29636	131	0	878293.0	null	null	null	null	0	878293.0	0	878293.0	1.7976931348623157E308	0.0	246.2us	30	246.2us	0.0	246.2us	30	246.2us	0.0	0s	0	0s	0.0	9.242ms	101	9.242ms	0.0	9.242ms	101	9.242ms	0.0	
269	1986	9	29767	131	0	878293.0	null	null	null	null	0	878293.0	0	878293.0	1.7976931348623157E308	0.0	255.9us	30	255.9us	0.0	255.9us	30	255.9us	0.0	0s	0	0s	0.0	9.046300ms	101	9.046300ms	0.0	9.046300ms	101	9.046300ms	0.0	
270	1995	9	29898	131	0	878293.0	null	null	null	null	0	878293.0	0	878293.0	1.7976931348623157E308	0.0	252.5us	30	252.5us	0.0	252.5us	30	252.5us	0.0	0s	0	0s	0.0	9.162600ms	101	9.162600ms	0.0	9.162600ms	101	9.162600ms	0.0	
271	2005	9	30029	131	0	878293.0	null	null	null	null	0	878293.0	0	878293.0	1.7976931348623157E308	0.0	253us	30	253us	0.0	253us	30	253us	0.0	0s	0	0s	0.0	8.968800ms	101	8.968800ms	0.0	8.968800ms	101	8.968800ms	0.0	
272	2015	9	30160	131	0	878293.0	null	null	null	null	0	878293.0	0	878293.0	1.7976931348623157E308	0.0	250.9us	30	250.9us	0.0	250.9us	30	250.9us	0.0	0s	0	0s	0.0	9.324700ms	101	9.324700ms	0.0	9.324700ms	101	9.324700ms	0.0	
273	2025	10	30291	131	0	878293.0	null	null	null	null	0	878293.0	0	878293.0	1.7976931348623157E308	0.0	247.8us	30	247.8us	0.0	247.8us	30	247.8us	0.0	0s	0	0s	0.0	9.507300ms	101	9.507300ms	0.0	9.507300ms	101	9.507300ms	0.0	
274	2035	10	30422	131	0	878293.0	null	null	null	null	0	878293.0	0	878293.0	1.7976931348623157E308	0.0	266.5us	30	266.5us	0.0	266.5us	30	266.5us	0.0	0s	0	0s	0.0	9.543100ms	101	9.543100ms	0.0	9.543100ms	101	9.543100ms	0.0	
275	2045	9	30553	131	0	878293.0	null	null	null	null	0	878293.0	0	878293.0	1.7976931348623157E308	0.0	254.6us	30	254.6us	0.0	254.6us	30	254.6us	0.0	0s	0	0s	0.0	9.068300ms	101	9.068300ms	0.0	9.068300ms	101	9.068300ms	0.0	
276	2054	9	30684	131	0	878293.0	null	null	null	null	0	878293.0	0	878293.0	1.7976931348623157E308	0.0	250.3us	30	250.3us	0.0	250.3us	30	250.3us	0.0	0s	0	0s	0.0	9.231300ms	101	9.231300ms	0.0	9.231300ms	101	9.231300ms	0.0	
277	2064	9	30815	131	0	878293.0	null	null	null	null	0	878293.0	0	878293.0	1.7976931348623157E308	0.0	245us	30	245us	0.0	245us	30	245us	0.0	0s	0	0s	0.0	9.313700ms	101	9.313700ms	0.0	9.313700ms	101	9.313700ms	0.0	
278	2074	9	30946	131	0	878293.0	null	null	null	null	0	878293.0	0	878293.0	1.7976931348623157E308	0.0	244.6us	30	244.6us	0.0	244.6us	30	244.6us	0.0	0s	0	0s	0.0	9.257900ms	101	9.257900ms	0.0	9.257900ms	101	9.257900ms	0.0	
279	2084	10	31077	131	0	878293.0	null	null	null	null	0	878293.0	0	878293.0	1.7976931348623157E308	0.0	244.5us	30	244.5us	0.0	244.5us	30	244.5us	0.0	0s	0	0s	0.0	9.473600ms	101	9.473600ms	0.0	9.473600ms	101	9.473600ms	0.0	
280	2094	9	31208	131	0	878293.0	null	null	null	null	0	878293.0	0	878293.0	1.7976931348623157E308	0.0	244.7us	30	244.7us	0.0	244.7us	30	244.7us	0.0	0s	0	0s	0.0	9.196ms	101	9.196ms	0.0	9.196ms	101	9.196ms	0.0	
281	2104	9	31339	131	0	878293.0	null	null	null	null	0	878293.0	0	878293.0	1.7976931348623157E308	0.0	244.9us	30	244.9us	0.0	244.9us	30	244.9us	0.0	0s	0	0s	0.0	9.112300ms	101	9.112300ms	0.0	9.112300ms	101	9.112300ms	0.0	
282	2113	9	31470	131	0	878293.0	null	null	null	null	0	878293.0	0	878293.0	1.7976931348623157E308	0.0	254.8us	30	254.8us	0.0	254.8us	30	254.8us	0.0	0s	0	0s	0.0	9.025200ms	101	9.025200ms	0.0	9.025200ms	101	9.025200ms	0.0	
283	2123	9	31527	57	0	878293.0	null	null	null	null	0	878293.0	0	878293.0	1.7976931348623157E308	0.0	246.4us	30	246.4us	0.0	246.4us	30	246.4us	0.0	0s	0	0s	0.0	9.269ms	27	9.269ms	0.0	9.269ms	27	9.269ms	0.0	
284	2133	9	31658	131	0	878293.0	null	null	null	null	0	878293.0	0	878293.0	1.7976931348623157E308	0.0	255.9us	30	255.9us	0.0	255.9us	30	255.9us	0.0	0s	0	0s	0.0	9.152800ms	101	9.152800ms	0.0	9.152800ms	101	9.152800ms	0.0	
285	2143	9	31789	131	0	878293.0	null	null	null	null	0	878293.0	0	878293.0	1.7976931348623157E308	0.0	244.9us	30	244.9us	0.0	244.9us	30	244.9us	0.0	0s	0	0s	0.0	9.171300ms	101	9.171300ms	0.0	9.171300ms	101	9.171300ms	0.0	
286	2152	9	31920	131	0	878293.0	null	null	null	null	0	878293.0	0	878293.0	1.7976931348623157E308	0.0	244.9us	30	244.9us	0.0	244.9us	30	244.9us	0.0	0s	0	0s	0.0	9.199400ms	101	9.199400ms	0.0	9.199400ms	101	9.199400ms	0.0	
287	2162	9	32051	131	0	878293.0	null	null	null	null	0	878293.0	0	878293.0	1.7976931348623157E308	0.0	257us	30	257us	0.0	257us	30	257us	0.0	0s	0	0s	0.0	9.001600ms	101	9.001600ms	0.0	9.001600ms	101	9.001600ms	0.0	
288	2172	9	32182	131	0	878293.0	null	null	null	null	0	878293.0	0	878293.0	1.7976931348623157E308	0.0	252.7us	30	252.7us	0.0	252.7us	30	252.7us	0.0	0s	0	0s	0.0	9.146500ms	101	9.146500ms	0.0	9.146500ms	101	9.146500ms	0.0	
289	2181	9	32313	131	0	878293.0	null	null	null	null	0	878293.0	0	878293.0	1.7976931348623157E308	0.0	252.9us	30	252.9us	0.0	252.9us	30	252.9us	0.0	0s	0	0s	0.0	9.175400ms	101	9.175400ms	0.0	9.175400ms	101	9.175400ms	0.0	
290	2191	9	32444	131	0	878293.0	null	null	null	null	0	878293.0	0	878293.0	1.7976931348623157E308	0.0	249.5us	30	249.5us	0.0	249.5us	30	249.5us	0.0	0s	0	0s	0.0	9.084ms	101	9.084ms	0.0	9.084ms	101	9.084ms	0.0	
291	2201	9	32575	131	0	878293.0	null	null	null	null	0	878293.0	0	878293.0	1.7976931348623157E308	0.0	247.2us	30	247.2us	0.0	247.2us	30	247.2us	0.0	0s	0	0s	0.0	9.166400ms	101	9.166400ms	0.0	9.166400ms	101	9.166400ms	0.0	
292	2211	10	32706	131	0	878293.0	null	null	null	null	0	878293.0	0	878293.0	1.7976931348623157E308	0.0	248us	30	248us	0.0	248us	30	248us	0.0	0s	0	0s	0.0	10.149400ms	101	10.149400ms	0.0	10.149400ms	101	10.149400ms	0.0	
293	2221	9	32837	131	0	878293.0	null	null	null	null	0	878293.0	0	878293.0	1.7976931348623157E308	0.0	259.5us	30	259.5us	0.0	259.5us	30	259.5us	0.0	0s	0	0s	0.0	9.174600ms	101	9.174600ms	0.0	9.174600ms	101	9.174600ms	0.0	
294	2231	9	32968	131	0	878293.0	null	null	null	null	0	878293.0	0	878293.0	1.7976931348623157E308	0.0	243.2us	30	243.2us	0.0	243.2us	30	243.2us	0.0	0s	0	0s	0.0	9.207200ms	101	9.207200ms	0.0	9.207200ms	101	9.207200ms	0.0	
295	2241	9	33099	131	0	878293.0	null	null	null	null	0	878293.0	0	878293.0	1.7976931348623157E308	0.0	244us	30	244us	0.0	244us	30	244us	0.0	0s	0	0s	0.0	9.277300ms	101	9.277300ms	0.0	9.277300ms	101	9.277300ms	0.0	
296	2250	9	33230	131	0	878293.0	null	null	null	null	0	878293.0	0	878293.0	1.7976931348623157E308	0.0	246.4us	30	246.4us	0.0	246.4us	30	246.4us	0.0	0s	0	0s	0.0	9.020300ms	101	9.020300ms	0.0	9.020300ms	101	9.020300ms	0.0	
297	2260	9	33361	131	0	878293.0	null	null	null	null	0	878293.0	0	878293.0	1.7976931348623157E308	0.0	258us	30	258us	0.0	258us	30	258us	0.0	0s	0	0s	0.0	9.103400ms	101	9.103400ms	0.0	9.103400ms	101	9.103400ms	0.0	
298	2270	9	33492	131	0	878293.0	null	null	null	null	0	878293.0	0	878293.0	1.7976931348623157E308	0.0	254.3us	30	254.3us	0.0	254.3us	30	254.3us	0.0	0s	0	0s	0.0	9.076800ms	101	9.076800ms	0.0	9.076800ms	101	9.076800ms	0.0	
299	2280	9	33623	131	0	878293.0	null	null	null	null	0	878293.0	0	878293.0	1.7976931348623157E308	0.0	243.6us	30	243.6us	0.0	243.6us	30	243.6us	0.0	0s	0	0s	0.0	9.205600ms	101	9.205600ms	0.0	9.205600ms	101	9.205600ms	0.0	
300	2289	9	33680	57	0	878293.0	null	null	null	null	0	878293.0	0	878293.0	1.7976931348623157E308	0.0	255.6us	30	255.6us	0.0	255.6us	30	255.6us	0.0	0s	0	0s	0.0	9.031600ms	27	9.031600ms	0.0	9.031600ms	27	9.031600ms	0.0	
301	2299	9	33811	131	0	878293.0	null	null	null	null	0	878293.0	0	878293.0	1.7976931348623157E308	0.0	247.3us	30	247.3us	0.0	247.3us	30	247.3us	0.0	0s	0	0s	0.0	9.013800ms	101	9.013800ms	0.0	9.013800ms	101	9.013800ms	0.0	
302	2309	10	33942	131	0	878293.0	null	null	null	null	0	878293.0	0	878293.0	1.7976931348623157E308	0.0	256.3us	30	256.3us	0.0	256.3us	30	256.3us	0.0	0s	0	0s	0.0	9.461400ms	101	9.461400ms	0.0	9.461400ms	101	9.461400ms	0.0	
303	2318	9	34073	131	0	878293.0	null	null	null	null	0	878293.0	0	878293.0	1.7976931348623157E308	0.0	244.8us	30	244.8us	0.0	244.8us	30	244.8us	0.0	0s	0	0s	0.0	9.087700ms	101	9.087700ms	0.0	9.087700ms	101	9.087700ms	0.0	
304	2328	9	34204	131	0	878293.0	null	null	null	null	0	878293.0	0	878293.0	1.7976931348623157E308	0.0	245.7us	30	245.7us	0.0	245.7us	30	245.7us	0.0	0s	0	0s	0.0	9.353900ms	101	9.353900ms	0.0	9.353900ms	101	9.353900ms	0.0	
305	2338	9	34335	131	0	878293.0	null	null	null	null	0	878293.0	0	878293.0	1.7976931348623157E308	0.0	255.3us	30	255.3us	0.0	255.3us	30	255.3us	0.0	0s	0	0s	0.0	9.153200ms	101	9.153200ms	0.0	9.153200ms	101	9.153200ms	0.0	
306	2348	9	34466	131	0	878293.0	null	null	null	null	0	878293.0	0	878293.0	1.7976931348623157E308	0.0	254.1us	30	254.1us	0.0	254.1us	30	254.1us	0.0	0s	0	0s	0.0	9.305500ms	101	9.305500ms	0.0	9.305500ms	101	9.305500ms	0.0	
307	2358	9	34597	131	0	878293.0	null	null	null	null	0	878293.0	0	878293.0	1.7976931348623157E308	0.0	252us	30	252us	0.0	252us	30	252us	0.0	0s	0	0s	0.0	9.146800ms	101	9.146800ms	0.0	9.146800ms	101	9.146800ms	0.0	
308	2367	9	34728	131	0	878293.0	null	null	null	null	0	878293.0	0	878293.0	1.7976931348623157E308	0.0	251.1us	30	251.1us	0.0	251.1us	30	251.1us	0.0	0s	0	0s	0.0	9.066300ms	101	9.066300ms	0.0	9.066300ms	101	9.066300ms	0.0	
309	2377	9	34859	131	0	878293.0	null	null	null	null	0	878293.0	0	878293.0	1.7976931348623157E308	0.0	247.5us	30	247.5us	0.0	247.5us	30	247.5us	0.0	0s	0	0s	0.0	9.341700ms	101	9.341700ms	0.0	9.341700ms	101	9.341700ms	0.0	
310	2388	11	34990	131	0	878293.0	null	null	null	null	0	878293.0	0	878293.0	1.7976931348623157E308	0.0	270.9us	30	270.9us	0.0	270.9us	30	270.9us	0.0	0s	0	0s	0.0	10.570200ms	101	10.570200ms	0.0	10.570200ms	101	10.570200ms	0.0	
311	2398	9	35121	131	0	878293.0	null	null	null	null	0	878293.0	0	878293.0	1.7976931348623157E308	0.0	244.8us	30	244.8us	0.0	244.8us	30	244.8us	0.0	0s	0	0s	0.0	9.170800ms	101	9.170800ms	0.0	9.170800ms	101	9.170800ms	0.0	
312	2408	9	35252	131	0	878293.0	null	null	null	null	0	878293.0	0	878293.0	1.7976931348623157E308	0.0	247.3us	30	247.3us	0.0	247.3us	30	247.3us	0.0	0s	0	0s	0.0	9.046900ms	101	9.046900ms	0.0	9.046900ms	101	9.046900ms	0.0	
313	2417	9	35383	131	0	878293.0	null	null	null	null	0	878293.0	0	878293.0	1.7976931348623157E308	0.0	245.5us	30	245.5us	0.0	245.5us	30	245.5us	0.0	0s	0	0s	0.0	9.212100ms	101	9.212100ms	0.0	9.212100ms	101	9.212100ms	0.0	
314	2427	9	35514	131	0	878293.0	null	null	null	null	0	878293.0	0	878293.0	1.7976931348623157E308	0.0	257.1us	30	257.1us	0.0	257.1us	30	257.1us	0.0	0s	0	0s	0.0	8.962400ms	101	8.962400ms	0.0	8.962400ms	101	8.962400ms	0.0	
315	2437	10	35645	131	0	878293.0	null	null	null	null	0	878293.0	0	878293.0	1.7976931348623157E308	0.0	250us	30	250us	0.0	250us	30	250us	0.0	0s	0	0s	0.0	9.390700ms	101	9.390700ms	0.0	9.390700ms	101	9.390700ms	0.0	
316	2447	10	35776	131	0	878293.0	null	null	null	null	0	878293.0	0	878293.0	1.7976931348623157E308	0.0	252.8us	30	252.8us	0.0	252.8us	30	252.8us	0.0	0s	0	0s	0.0	9.802800ms	101	9.802800ms	0.0	9.802800ms	101	9.802800ms	0.0	
317	2457	9	35833	57	0	878293.0	null	null	null	null	0	878293.0	0	878293.0	1.7976931348623157E308	0.0	250us	30	250us	0.0	250us	30	250us	0.0	0s	0	0s	0.0	9.101900ms	27	9.101900ms	0.0	9.101900ms	27	9.101900ms	0.0	
318	2467	9	35964	131	0	878293.0	null	null	null	null	0	878293.0	0	878293.0	1.7976931348623157E308	0.0	245.3us	30	245.3us	0.0	245.3us	30	245.3us	0.0	0s	0	0s	0.0	9.314700ms	101	9.314700ms	0.0	9.314700ms	101	9.314700ms	0.0	
319	2477	9	36095	131	0	878293.0	null	null	null	null	0	878293.0	0	878293.0	1.7976931348623157E308	0.0	251.1us	30	251.1us	0.0	251.1us	30	251.1us	0.0	0s	0	0s	0.0	9.339700ms	101	9.339700ms	0.0	9.339700ms	101	9.339700ms	0.0	
320	2487	10	36226	131	0	878293.0	null	null	null	null	0	878293.0	0	878293.0	1.7976931348623157E308	0.0	253.3us	30	253.3us	0.0	253.3us	30	253.3us	0.0	0s	0	0s	0.0	9.549800ms	101	9.549800ms	0.0	9.549800ms	101	9.549800ms	0.0	
321	2497	9	36357	131	0	878293.0	null	null	null	null	0	878293.0	0	878293.0	1.7976931348623157E308	0.0	245.6us	30	245.6us	0.0	245.6us	30	245.6us	0.0	0s	0	0s	0.0	9.369900ms	101	9.369900ms	0.0	9.369900ms	101	9.369900ms	0.0	
322	2507	9	36488	131	0	878293.0	null	null	null	null	0	878293.0	0	878293.0	1.7976931348623157E308	0.0	254.8us	30	254.8us	0.0	254.8us	30	254.8us	0.0	0s	0	0s	0.0	9.375ms	101	9.375ms	0.0	9.375ms	101	9.375ms	0.0	
323	2517	9	36619	131	0	878293.0	null	null	null	null	0	878293.0	0	878293.0	1.7976931348623157E308	0.0	254.9us	30	254.9us	0.0	254.9us	30	254.9us	0.0	0s	0	0s	0.0	9.216400ms	101	9.216400ms	0.0	9.216400ms	101	9.216400ms	0.0	
324	2527	9	36750	131	0	878293.0	null	null	null	null	0	878293.0	0	878293.0	1.7976931348623157E308	0.0	252us	30	252us	0.0	252us	30	252us	0.0	0s	0	0s	0.0	9.362200ms	101	9.362200ms	0.0	9.362200ms	101	9.362200ms	0.0	
325	2537	9	36881	131	0	878293.0	null	null	null	null	0	878293.0	0	878293.0	1.7976931348623157E308	0.0	251us	30	251us	0.0	251us	30	251us	0.0	0s	0	0s	0.0	9.224100ms	101	9.224100ms	0.0	9.224100ms	101	9.224100ms	0.0	
326	2546	9	37012	131	0	878293.0	null	null	null	null	0	878293.0	0	878293.0	1.7976931348623157E308	0.0	248.5us	30	248.5us	0.0	248.5us	30	248.5us	0.0	0s	0	0s	0.0	9.364600ms	101	9.364600ms	0.0	9.364600ms	101	9.364600ms	0.0	
327	2556	9	37143	131	0	878293.0	null	null	null	null	0	878293.0	0	878293.0	1.7976931348623157E308	0.0	245.5us	30	245.5us	0.0	245.5us	30	245.5us	0.0	0s	0	0s	0.0	9.131300ms	101	9.131300ms	0.0	9.131300ms	101	9.131300ms	0.0	
328	2566	9	37274	131	0	878293.0	null	null	null	null	0	878293.0	0	878293.0	1.7976931348623157E308	0.0	246.9us	30	246.9us	0.0	246.9us	30	246.9us	0.0	0s	0	0s	0.0	9.064100ms	101	9.064100ms	0.0	9.064100ms	101	9.064100ms	0.0	
329	2577	10	37405	131	0	878293.0	null	null	null	null	0	878293.0	0	878293.0	1.7976931348623157E308	0.0	260.3us	30	260.3us	0.0	260.3us	30	260.3us	0.0	0s	0	0s	0.0	10.137400ms	101	10.137400ms	0.0	10.137400ms	101	10.137400ms	0.0	
330	2586	9	37536	131	0	878293.0	null	null	null	null	0	878293.0	0	878293.0	1.7976931348623157E308	0.0	253.3us	30	253.3us	0.0	253.3us	30	253.3us	0.0	0s	0	0s	0.0	9.127900ms	101	9.127900ms	0.0	9.127900ms	101	9.127900ms	0.0	
331	2596	9	37667	131	0	878293.0	null	null	null	null	0	878293.0	0	878293.0	1.7976931348623157E308	0.0	242.8us	30	242.8us	0.0	242.8us	30	242.8us	0.0	0s	0	0s	0.0	9.261ms	101	9.261ms	0.0	9.261ms	101	9.261ms	0.0	
332	2606	9	37798	131	0	878293.0	null	null	null	null	0	878293.0	0	878293.0	1.7976931348623157E308	0.0	254.7us	30	254.7us	0.0	254.7us	30	254.7us	0.0	0s	0	0s	0.0	9.383600ms	101	9.383600ms	0.0	9.383600ms	101	9.383600ms	0.0	
333	2616	9	37929	131	0	878293.0	null	null	null	null	0	878293.0	0	878293.0	1.7976931348623157E308	0.0	250.5us	30	250.5us	0.0	250.5us	30	250.5us	0.0	0s	0	0s	0.0	9.059400ms	101	9.059400ms	0.0	9.059400ms	101	9.059400ms	0.0	
334	2625	9	37986	57	0	878293.0	null	null	null	null	0	878293.0	0	878293.0	1.7976931348623157E308	0.0	250.2us	30	250.2us	0.0	250.2us	30	250.2us	0.0	0s	0	0s	0.0	8.890500ms	27	8.890500ms	0.0	8.890500ms	27	8.890500ms	0.0	
335	2635	9	38117	131	0	878293.0	null	null	null	null	0	878293.0	0	878293.0	1.7976931348623157E308	0.0	239.1us	30	239.1us	0.0	239.1us	30	239.1us	0.0	0s	0	0s	0.0	8.948300ms	101	8.948300ms	0.0	8.948300ms	101	8.948300ms	0.0	
336	2645	9	38248	131	0	878293.0	null	null	null	null	0	878293.0	0	878293.0	1.7976931348623157E308	0.0	247.8us	30	247.8us	0.0	247.8us	30	247.8us	0.0	0s	0	0s	0.0	9.222900ms	101	9.222900ms	0.0	9.222900ms	101	9.222900ms	0.0	
337	2655	10	38379	131	0	878293.0	null	null	null	null	0	878293.0	0	878293.0	1.7976931348623157E308	0.0	302.7us	30	302.7us	0.0	302.7us	30	302.7us	0.0	0s	0	0s	0.0	10.301700ms	101	10.301700ms	0.0	10.301700ms	101	10.301700ms	0.0	
338	2665	9	38510	131	0	878293.0	null	null	null	null	0	878293.0	0	878293.0	1.7976931348623157E308	0.0	251.3us	30	251.3us	0.0	251.3us	30	251.3us	0.0	0s	0	0s	0.0	9.149600ms	101	9.149600ms	0.0	9.149600ms	101	9.149600ms	0.0	
339	2675	9	38641	131	0	878293.0	null	null	null	null	0	878293.0	0	878293.0	1.7976931348623157E308	0.0	244.3us	30	244.3us	0.0	244.3us	30	244.3us	0.0	0s	0	0s	0.0	9.188100ms	101	9.188100ms	0.0	9.188100ms	101	9.188100ms	0.0	
340	2684	9	38772	131	0	878293.0	null	null	null	null	0	878293.0	0	878293.0	1.7976931348623157E308	0.0	254.8us	30	254.8us	0.0	254.8us	30	254.8us	0.0	0s	0	0s	0.0	9.093ms	101	9.093ms	0.0	9.093ms	101	9.093ms	0.0	
341	2694	9	38903	131	0	878293.0	null	null	null	null	0	878293.0	0	878293.0	1.7976931348623157E308	0.0	252.3us	30	252.3us	0.0	252.3us	30	252.3us	0.0	0s	0	0s	0.0	9.162500ms	101	9.162500ms	0.0	9.162500ms	101	9.162500ms	0.0	
342	2704	9	39034	131	0	878293.0	null	null	null	null	0	878293.0	0	878293.0	1.7976931348623157E308	0.0	251.9us	30	251.9us	0.0	251.9us	30	251.9us	0.0	0s	0	0s	0.0	9.263900ms	101	9.263900ms	0.0	9.263900ms	101	9.263900ms	0.0	
343	2714	9	39165	131	0	878293.0	null	null	null	null	0	878293.0	0	878293.0	1.7976931348623157E308	0.0	247.2us	30	247.2us	0.0	247.2us	30	247.2us	0.0	0s	0	0s	0.0	9.067400ms	101	9.067400ms	0.0	9.067400ms	101	9.067400ms	0.0	
344	2723	9	39296	131	0	878293.0	null	null	null	null	0	878293.0	0	878293.0	1.7976931348623157E308	0.0	249us	30	249us	0.0	249us	30	249us	0.0	0s	0	0s	0.0	9.040600ms	101	9.040600ms	0.0	9.040600ms	101	9.040600ms	0.0	
345	2733	10	39427	131	0	878293.0	null	null	null	null	0	878293.0	0	878293.0	1.7976931348623157E308	0.0	244.8us	30	244.8us	0.0	244.8us	30	244.8us	0.0	0s	0	0s	0.0	9.453800ms	101	9.453800ms	0.0	9.453800ms	101	9.453800ms	0.0	
346	2743	10	39558	131	0	878293.0	null	null	null	null	0	878293.0	0	878293.0	1.7976931348623157E308	0.0	257.9us	30	257.9us	0.0	257.9us	30	257.9us	0.0	0s	0	0s	0.0	9.511200ms	101	9.511200ms	0.0	9.511200ms	101	9.511200ms	0.0	
347	2753	9	39689	131	0	878293.0	null	null	null	null	0	878293.0	0	878293.0	1.7976931348623157E308	0.0	263.4us	30	263.4us	0.0	263.4us	30	263.4us	0.0	0s	0	0s	0.0	9.213900ms	101	9.213900ms	0.0	9.213900ms	101	9.213900ms	0.0	
348	2763	9	39820	131	0	878293.0	null	null	null	null	0	878293.0	0	878293.0	1.7976931348623157E308	0.0	220.1us	30	220.1us	0.0	220.1us	30	220.1us	0.0	0s	0	0s	0.0	9.139100ms	101	9.139100ms	0.0	9.139100ms	101	9.139100ms	0.0	
349	2773	9	39951	131	0	878293.0	null	null	null	null	0	878293.0	0	878293.0	1.7976931348623157E308	0.0	248.3us	30	248.3us	0.0	248.3us	30	248.3us	0.0	0s	0	0s	0.0	9.108700ms	101	9.108700ms	0.0	9.108700ms	101	9.108700ms	0.0	
350	2783	10	40082	131	0	878293.0	null	null	null	null	0	878293.0	0	878293.0	1.7976931348623157E308	0.0	260.4us	30	260.4us	0.0	260.4us	30	260.4us	0.0	0s	0	0s	0.0	9.655300ms	101	9.655300ms	0.0	9.655300ms	101	9.655300ms	0.0	
351	2793	9	40139	57	0	878293.0	null	null	null	null	0	878293.0	0	878293.0	1.7976931348623157E308	0.0	250.4us	30	250.4us	0.0	250.4us	30	250.4us	0.0	0s	0	0s	0.0	9.168900ms	27	9.168900ms	0.0	9.168900ms	27	9.168900ms	0.0	
352	2802	9	40270	131	0	878293.0	null	null	null	null	0	878293.0	0	878293.0	1.7976931348623157E308	0.0	227.2us	30	227.2us	0.0	227.2us	30	227.2us	0.0	0s	0	0s	0.0	9.021700ms	101	9.021700ms	0.0	9.021700ms	101	9.021700ms	0.0	
353	2812	9	40401	131	0	878293.0	null	null	null	null	0	878293.0	0	878293.0	1.7976931348623157E308	0.0	246.1us	30	246.1us	0.0	246.1us	30	246.1us	0.0	0s	0	0s	0.0	9.124200ms	101	9.124200ms	0.0	9.124200ms	101	9.124200ms	0.0	
354	2822	9	40532	131	0	878293.0	null	null	null	null	0	878293.0	0	878293.0	1.7976931348623157E308	0.0	222.6us	30	222.6us	0.0	222.6us	30	222.6us	0.0	0s	0	0s	0.0	9.425200ms	101	9.425200ms	0.0	9.425200ms	101	9.425200ms	0.0	
355	2832	9	40663	131	0	878293.0	null	null	null	null	0	878293.0	0	878293.0	1.7976931348623157E308	0.0	255.8us	30	255.8us	0.0	255.8us	30	255.8us	0.0	0s	0	0s	0.0	9.202900ms	101	9.202900ms	0.0	9.202900ms	101	9.202900ms	0.0	
356	2842	9	40794	131	0	878293.0	null	null	null	null	0	878293.0	0	878293.0	1.7976931348623157E308	0.0	235.5us	30	235.5us	0.0	235.5us	30	235.5us	0.0	0s	0	0s	0.0	9.227ms	101	9.227ms	0.0	9.227ms	101	9.227ms	0.0	
357	2851	9	40925	131	0	878293.0	null	null	null	null	0	878293.0	0	878293.0	1.7976931348623157E308	0.0	250.4us	30	250.4us	0.0	250.4us	30	250.4us	0.0	0s	0	0s	0.0	9.133500ms	101	9.133500ms	0.0	9.133500ms	101	9.133500ms	0.0	
358	2861	9	41056	131	0	878293.0	null	null	null	null	0	878293.0	0	878293.0	1.7976931348623157E308	0.0	226.7us	30	226.7us	0.0	226.7us	30	226.7us	0.0	0s	0	0s	0.0	9.125800ms	101	9.125800ms	0.0	9.125800ms	101	9.125800ms	0.0	
359	2871	9	41187	131	0	878293.0	null	null	null	null	0	878293.0	0	878293.0	1.7976931348623157E308	0.0	359.6us	30	359.6us	0.0	359.6us	30	359.6us	0.0	0s	0	0s	0.0	9.083600ms	101	9.083600ms	0.0	9.083600ms	101	9.083600ms	0.0	
360	2880	9	41318	131	0	878293.0	null	null	null	null	0	878293.0	0	878293.0	1.7976931348623157E308	0.0	230.2us	30	230.2us	0.0	230.2us	30	230.2us	0.0	0s	0	0s	0.0	9.071900ms	101	9.071900ms	0.0	9.071900ms	101	9.071900ms	0.0	
361	2890	9	41449	131	0	878293.0	null	null	null	null	0	878293.0	0	878293.0	1.7976931348623157E308	0.0	264.3us	30	264.3us	0.0	264.3us	30	264.3us	0.0	0s	0	0s	0.0	9.060300ms	101	9.060300ms	0.0	9.060300ms	101	9.060300ms	0.0	
362	2900	9	41580	131	0	878293.0	null	null	null	null	0	878293.0	0	878293.0	1.7976931348623157E308	0.0	223.3us	30	223.3us	0.0	223.3us	30	223.3us	0.0	0s	0	0s	0.0	9.114500ms	101	9.114500ms	0.0	9.114500ms	101	9.114500ms	0.0	
363	2910	9	41711	131	0	878293.0	null	null	null	null	0	878293.0	0	878293.0	1.7976931348623157E308	0.0	245.1us	30	245.1us	0.0	245.1us	30	245.1us	0.0	0s	0	0s	0.0	9.184700ms	101	9.184700ms	0.0	9.184700ms	101	9.184700ms	0.0	
364	2920	10	41842	131	0	878293.0	null	null	null	null	0	878293.0	0	878293.0	1.7976931348623157E308	0.0	258.7us	30	258.7us	0.0	258.7us	30	258.7us	0.0	0s	0	0s	0.0	9.698400ms	101	9.698400ms	0.0	9.698400ms	101	9.698400ms	0.0	
365	2930	9	41973	131	0	878293.0	null	null	null	null	0	878293.0	0	878293.0	1.7976931348623157E308	0.0	256.9us	30	256.9us	0.0	256.9us	30	256.9us	0.0	0s	0	0s	0.0	9.348100ms	101	9.348100ms	0.0	9.348100ms	101	9.348100ms	0.0	
366	2940	9	42104	131	0	878293.0	null	null	null	null	0	878293.0	0	878293.0	1.7976931348623157E308	0.0	229.9us	30	229.9us	0.0	229.9us	30	229.9us	0.0	0s	0	0s	0.0	9.227500ms	101	9.227500ms	0.0	9.227500ms	101	9.227500ms	0.0	
367	2949	9	42235	131	0	878293.0	null	null	null	null	0	878293.0	0	878293.0	1.7976931348623157E308	0.0	249.5us	30	249.5us	0.0	249.5us	30	249.5us	0.0	0s	0	0s	0.0	9.132800ms	101	9.132800ms	0.0	9.132800ms	101	9.132800ms	0.0	
368	2959	10	42292	57	0	878293.0	null	null	null	null	0	878293.0	0	878293.0	1.7976931348623157E308	0.0	248.7us	30	248.7us	0.0	248.7us	30	248.7us	0.0	0s	0	0s	0.0	9.488500ms	27	9.488500ms	0.0	9.488500ms	27	9.488500ms	0.0	
369	2969	9	42423	131	0	878293.0	null	null	null	null	0	878293.0	0	878293.0	1.7976931348623157E308	0.0	251.3us	30	251.3us	0.0	251.3us	30	251.3us	0.0	0s	0	0s	0.0	9.332300ms	101	9.332300ms	0.0	9.332300ms	101	9.332300ms	0.0	
370	2979	9	42554	131	0	878293.0	null	null	null	null	0	878293.0	0	878293.0	1.7976931348623157E308	0.0	221.2us	30	221.2us	0.0	221.2us	30	221.2us	0.0	0s	0	0s	0.0	9.175400ms	101	9.175400ms	0.0	9.175400ms	101	9.175400ms	0.0	
371	2989	9	42685	131	0	878293.0	null	null	null	null	0	878293.0	0	878293.0	1.7976931348623157E308	0.0	247.3us	30	247.3us	0.0	247.3us	30	247.3us	0.0	0s	0	0s	0.0	9.071500ms	101	9.071500ms	0.0	9.071500ms	101	9.071500ms	0.0	
372	2998	9	42816	131	0	878293.0	null	null	null	null	0	878293.0	0	878293.0	1.7976931348623157E308	0.0	233.1us	30	233.1us	0.0	233.1us	30	233.1us	0.0	0s	0	0s	0.0	9.259800ms	101	9.259800ms	0.0	9.259800ms	101	9.259800ms	0.0	
373	3008	9	42947	131	0	878293.0	null	null	null	null	0	878293.0	0	878293.0	1.7976931348623157E308	0.0	257us	30	257us	0.0	257us	30	257us	0.0	0s	0	0s	0.0	9.140200ms	101	9.140200ms	0.0	9.140200ms	101	9.140200ms	0.0	
374	3018	9	43078	131	0	878293.0	null	null	null	null	0	878293.0	0	878293.0	1.7976931348623157E308	0.0	233.8us	30	233.8us	0.0	233.8us	30	233.8us	0.0	0s	0	0s	0.0	9.430700ms	101	9.430700ms	0.0	9.430700ms	101	9.430700ms	0.0	
375	3028	9	43209	131	0	878293.0	null	null	null	null	0	878293.0	0	878293.0	1.7976931348623157E308	0.0	251.5us	30	251.5us	0.0	251.5us	30	251.5us	0.0	0s	0	0s	0.0	9.148300ms	101	9.148300ms	0.0	9.148300ms	101	9.148300ms	0.0	
376	3038	9	43340	131	0	878293.0	null	null	null	null	0	878293.0	0	878293.0	1.7976931348623157E308	0.0	225.7us	30	225.7us	0.0	225.7us	30	225.7us	0.0	0s	0	0s	0.0	9.203900ms	101	9.203900ms	0.0	9.203900ms	101	9.203900ms	0.0	
377	3047	9	43471	131	0	878293.0	null	null	null	null	0	878293.0	0	878293.0	1.7976931348623157E308	0.0	243.7us	30	243.7us	0.0	243.7us	30	243.7us	0.0	0s	0	0s	0.0	9.251100ms	101	9.251100ms	0.0	9.251100ms	101	9.251100ms	0.0	
378	3057	9	43602	131	0	878293.0	null	null	null	null	0	878293.0	0	878293.0	1.7976931348623157E308	0.0	229.7us	30	229.7us	0.0	229.7us	30	229.7us	0.0	0s	0	0s	0.0	9.330200ms	101	9.330200ms	0.0	9.330200ms	101	9.330200ms	0.0	
379	3067	9	43733	131	0	878293.0	null	null	null	null	0	878293.0	0	878293.0	1.7976931348623157E308	0.0	252.1us	30	252.1us	0.0	252.1us	30	252.1us	0.0	0s	0	0s	0.0	9.056600ms	101	9.056600ms	0.0	9.056600ms	101	9.056600ms	0.0	
380	3077	9	43864	131	0	878293.0	null	null	null	null	0	878293.0	0	878293.0	1.7976931348623157E308	0.0	229.8us	30	229.8us	0.0	229.8us	30	229.8us	0.0	0s	0	0s	0.0	9.108400ms	101	9.108400ms	0.0	9.108400ms	101	9.108400ms	0.0	
381	3086	9	43995	131	0	878293.0	null	null	null	null	0	878293.0	0	878293.0	1.7976931348623157E308	0.0	244.1us	30	244.1us	0.0	244.1us	30	244.1us	0.0	0s	0	0s	0.0	9.181ms	101	9.181ms	0.0	9.181ms	101	9.181ms	0.0	
382	3096	9	44126	131	0	878293.0	null	null	null	null	0	878293.0	0	878293.0	1.7976931348623157E308	0.0	235.3us	30	235.3us	0.0	235.3us	30	235.3us	0.0	0s	0	0s	0.0	9.041400ms	101	9.041400ms	0.0	9.041400ms	101	9.041400ms	0.0	
383	3106	10	44257	131	0	878293.0	null	null	null	null	0	878293.0	0	878293.0	1.7976931348623157E308	0.0	255.4us	30	255.4us	0.0	255.4us	30	255.4us	0.0	0s	0	0s	0.0	9.608300ms	101	9.608300ms	0.0	9.608300ms	101	9.608300ms	0.0	
384	3116	9	44388	131	0	878293.0	null	null	null	null	0	878293.0	0	878293.0	1.7976931348623157E308	0.0	229.2us	30	229.2us	0.0	229.2us	30	229.2us	0.0	0s	0	0s	0.0	9.214200ms	101	9.214200ms	0.0	9.214200ms	101	9.214200ms	0.0	
385	3126	9	44445	57	0	878293.0	null	null	null	null	0	878293.0	0	878293.0	1.7976931348623157E308	0.0	248.4us	30	248.4us	0.0	248.4us	30	248.4us	0.0	0s	0	0s	0.0	9.088800ms	27	9.088800ms	0.0	9.088800ms	27	9.088800ms	0.0	
386	3136	9	44576	131	0	878293.0	null	null	null	null	0	878293.0	0	878293.0	1.7976931348623157E308	0.0	222.4us	30	222.4us	0.0	222.4us	30	222.4us	0.0	0s	0	0s	0.0	9.447900ms	101	9.447900ms	0.0	9.447900ms	101	9.447900ms	0.0	
387	3146	10	44707	131	0	878293.0	null	null	null	null	0	878293.0	0	878293.0	1.7976931348623157E308	0.0	254.8us	30	254.8us	0.0	254.8us	30	254.8us	0.0	0s	0	0s	0.0	9.982600ms	101	9.982600ms	0.0	9.982600ms	101	9.982600ms	0.0	
388	3156	9	44838	131	0	878293.0	null	null	null	null	0	878293.0	0	878293.0	1.7976931348623157E308	0.0	221.1us	30	221.1us	0.0	221.1us	30	221.1us	0.0	0s	0	0s	0.0	9.200700ms	101	9.200700ms	0.0	9.200700ms	101	9.200700ms	0.0	
389	3166	9	44969	131	0	878293.0	null	null	null	null	0	878293.0	0	878293.0	1.7976931348623157E308	0.0	248.4us	30	248.4us	0.0	248.4us	30	248.4us	0.0	0s	0	0s	0.0	9.267900ms	101	9.267900ms	0.0	9.267900ms	101	9.267900ms	0.0	
390	3176	9	45100	131	0	878293.0	null	null	null	null	0	878293.0	0	878293.0	1.7976931348623157E308	0.0	232.6us	30	232.6us	0.0	232.6us	30	232.6us	0.0	0s	0	0s	0.0	9.146300ms	101	9.146300ms	0.0	9.146300ms	101	9.146300ms	0.0	
391	3186	10	45231	131	0	878293.0	null	null	null	null	0	878293.0	0	878293.0	1.7976931348623157E308	0.0	256.7us	30	256.7us	0.0	256.7us	30	256.7us	0.0	0s	0	0s	0.0	9.783300ms	101	9.783300ms	0.0	9.783300ms	101	9.783300ms	0.0	
392	3197	10	45362	131	0	878293.0	null	null	null	null	0	878293.0	0	878293.0	1.7976931348623157E308	0.0	260.7us	30	260.7us	0.0	260.7us	30	260.7us	0.0	0s	0	0s	0.0	10.166300ms	101	10.166300ms	0.0	10.166300ms	101	10.166300ms	0.0	
393	3206	9	45493	131	0	878293.0	null	null	null	null	0	878293.0	0	878293.0	1.7976931348623157E308	0.0	248us	30	248us	0.0	248us	30	248us	0.0	0s	0	0s	0.0	9.026200ms	101	9.026200ms	0.0	9.026200ms	101	9.026200ms	0.0	
394	3216	9	45624	131	0	878293.0	null	null	null	null	0	878293.0	0	878293.0	1.7976931348623157E308	0.0	226.9us	30	226.9us	0.0	226.9us	30	226.9us	0.0	0s	0	0s	0.0	9.330600ms	101	9.330600ms	0.0	9.330600ms	101	9.330600ms	0.0	
395	3226	9	45755	131	0	878293.0	null	null	null	null	0	878293.0	0	878293.0	1.7976931348623157E308	0.0	244.6us	30	244.6us	0.0	244.6us	30	244.6us	0.0	0s	0	0s	0.0	9.101ms	101	9.101ms	0.0	9.101ms	101	9.101ms	0.0	
396	3236	9	45886	131	0	878293.0	null	null	null	null	0	878293.0	0	878293.0	1.7976931348623157E308	0.0	258.9us	30	258.9us	0.0	258.9us	30	258.9us	0.0	0s	0	0s	0.0	9.344600ms	101	9.344600ms	0.0	9.344600ms	101	9.344600ms	0.0	
397	3246	10	46017	131	0	878293.0	null	null	null	null	0	878293.0	0	878293.0	1.7976931348623157E308	0.0	241.5us	30	241.5us	0.0	241.5us	30	241.5us	0.0	0s	0	0s	0.0	9.463600ms	101	9.463600ms	0.0	9.463600ms	101	9.463600ms	0.0	
398	3256	10	46148	131	0	878293.0	null	null	null	null	0	878293.0	0	878293.0	1.7976931348623157E308	0.0	225.1us	30	225.1us	0.0	225.1us	30	225.1us	0.0	0s	0	0s	0.0	9.690600ms	101	9.690600ms	0.0	9.690600ms	101	9.690600ms	0.0	
399	3266	9	46279	131	0	878293.0	null	null	null	null	0	878293.0	0	878293.0	1.7976931348623157E308	0.0	255.8us	30	255.8us	0.0	255.8us	30	255.8us	0.0	0s	0	0s	0.0	9.241100ms	101	9.241100ms	0.0	9.241100ms	101	9.241100ms	0.0	
400	3275	9	46410	131	0	878293.0	null	null	null	null	0	878293.0	0	878293.0	1.7976931348623157E308	0.0	229.4us	30	229.4us	0.0	229.4us	30	229.4us	0.0	0s	0	0s	0.0	9.073100ms	101	9.073100ms	0.0	9.073100ms	101	9.073100ms	0.0	
401	3285	9	46541	131	0	878293.0	null	null	null	null	0	878293.0	0	878293.0	1.7976931348623157E308	0.0	260.5us	30	260.5us	0.0	260.5us	30	260.5us	0.0	0s	0	0s	0.0	9.331600ms	101	9.331600ms	0.0	9.331600ms	101	9.331600ms	0.0	
402	3296	10	46598	57	0	878293.0	null	null	null	null	0	878293.0	0	878293.0	1.7976931348623157E308	0.0	248us	30	248us	0.0	248us	30	248us	0.0	0s	0	0s	0.0	10.126800ms	27	10.126800ms	0.0	10.126800ms	27	10.126800ms	0.0	
403	3306	9	46729	131	0	878293.0	null	null	null	null	0	878293.0	0	878293.0	1.7976931348623157E308	0.0	242.3us	30	242.3us	0.0	242.3us	30	242.3us	0.0	0s	0	0s	0.0	9.338700ms	101	9.338700ms	0.0	9.338700ms	101	9.338700ms	0.0	
404	3316	9	46860	131	0	878293.0	null	null	null	null	0	878293.0	0	878293.0	1.7976931348623157E308	0.0	222.6us	30	222.6us	0.0	222.6us	30	222.6us	0.0	0s	0	0s	0.0	9.107900ms	101	9.107900ms	0.0	9.107900ms	101	9.107900ms	0.0	
405	3325	9	46991	131	0	878293.0	null	null	null	null	0	878293.0	0	878293.0	1.7976931348623157E308	0.0	255.5us	30	255.5us	0.0	255.5us	30	255.5us	0.0	0s	0	0s	0.0	9.079300ms	101	9.079300ms	0.0	9.079300ms	101	9.079300ms	0.0	
406	3335	9	47122	131	0	878293.0	null	null	null	null	0	878293.0	0	878293.0	1.7976931348623157E308	0.0	219.5us	30	219.5us	0.0	219.5us	30	219.5us	0.0	0s	0	0s	0.0	9.023500ms	101	9.023500ms	0.0	9.023500ms	101	9.023500ms	0.0	
407	3344	9	47253	131	0	878293.0	null	null	null	null	0	878293.0	0	878293.0	1.7976931348623157E308	0.0	246.1us	30	246.1us	0.0	246.1us	30	246.1us	0.0	0s	0	0s	0.0	9.028800ms	101	9.028800ms	0.0	9.028800ms	101	9.028800ms	0.0	
408	3354	9	47384	131	0	878293.0	null	null	null	null	0	878293.0	0	878293.0	1.7976931348623157E308	0.0	232.4us	30	232.4us	0.0	232.4us	30	232.4us	0.0	0s	0	0s	0.0	9.180500ms	101	9.180500ms	0.0	9.180500ms	101	9.180500ms	0.0	
409	3364	9	47515	131	0	878293.0	null	null	null	null	0	878293.0	0	878293.0	1.7976931348623157E308	0.0	253us	30	253us	0.0	253us	30	253us	0.0	0s	0	0s	0.0	9.180300ms	101	9.180300ms	0.0	9.180300ms	101	9.180300ms	0.0	
410	3375	11	47646	131	0	878293.0	null	null	null	null	0	878293.0	0	878293.0	1.7976931348623157E308	0.0	268.1us	30	268.1us	0.0	268.1us	30	268.1us	0.0	0s	0	0s	0.0	11.009800ms	101	11.009800ms	0.0	11.009800ms	101	11.009800ms	0.0	
411	3385	9	47777	131	0	878293.0	null	null	null	null	0	878293.0	0	878293.0	1.7976931348623157E308	0.0	247.8us	30	247.8us	0.0	247.8us	30	247.8us	0.0	0s	0	0s	0.0	9.224100ms	101	9.224100ms	0.0	9.224100ms	101	9.224100ms	0.0	
412	3395	9	47908	131	0	878293.0	null	null	null	null	0	878293.0	0	878293.0	1.7976931348623157E308	0.0	245.9us	30	245.9us	0.0	245.9us	30	245.9us	0.0	0s	0	0s	0.0	9.311900ms	101	9.311900ms	0.0	9.311900ms	101	9.311900ms	0.0	
413	3405	9	48039	131	0	878293.0	null	null	null	null	0	878293.0	0	878293.0	1.7976931348623157E308	0.0	222us	30	222us	0.0	222us	30	222us	0.0	0s	0	0s	0.0	9.291200ms	101	9.291200ms	0.0	9.291200ms	101	9.291200ms	0.0	
414	3415	9	48170	131	0	878293.0	null	null	null	null	0	878293.0	0	878293.0	1.7976931348623157E308	0.0	259.1us	30	259.1us	0.0	259.1us	30	259.1us	0.0	0s	0	0s	0.0	9.306600ms	101	9.306600ms	0.0	9.306600ms	101	9.306600ms	0.0	
415	3426	10	48301	131	0	878293.0	null	null	null	null	0	878293.0	0	878293.0	1.7976931348623157E308	0.0	1.379400ms	30	1.379400ms	0.0	1.379400ms	30	1.379400ms	0.0	0s	0	0s	0.0	9.263800ms	101	9.263800ms	0.0	9.263800ms	101	9.263800ms	0.0	
416	3436	9	48432	131	0	878293.0	null	null	null	null	0	878293.0	0	878293.0	1.7976931348623157E308	0.0	251.7us	30	251.7us	0.0	251.7us	30	251.7us	0.0	0s	0	0s	0.0	9.327900ms	101	9.327900ms	0.0	9.327900ms	101	9.327900ms	0.0	
417	3445	9	48563	131	0	878293.0	null	null	null	null	0	878293.0	0	878293.0	1.7976931348623157E308	0.0	252.4us	30	252.4us	0.0	252.4us	30	252.4us	0.0	0s	0	0s	0.0	9.161200ms	101	9.161200ms	0.0	9.161200ms	101	9.161200ms	0.0	
418	3455	9	48694	131	0	878293.0	null	null	null	null	0	878293.0	0	878293.0	1.7976931348623157E308	0.0	252.6us	30	252.6us	0.0	252.6us	30	252.6us	0.0	0s	0	0s	0.0	9.331500ms	101	9.331500ms	0.0	9.331500ms	101	9.331500ms	0.0	
419	3465	9	48751	57	0	878293.0	null	null	null	null	0	878293.0	0	878293.0	1.7976931348623157E308	0.0	250.7us	30	250.7us	0.0	250.7us	30	250.7us	0.0	0s	0	0s	0.0	8.979ms	27	8.979ms	0.0	8.979ms	27	8.979ms	0.0	
420	3475	9	48882	131	0	878293.0	null	null	null	null	0	878293.0	0	878293.0	1.7976931348623157E308	0.0	259.1us	30	259.1us	0.0	259.1us	30	259.1us	0.0	0s	0	0s	0.0	9.248ms	101	9.248ms	0.0	9.248ms	101	9.248ms	0.0	
421	3485	9	49013	131	0	878293.0	null	null	null	null	0	878293.0	0	878293.0	1.7976931348623157E308	0.0	255.8us	30	255.8us	0.0	255.8us	30	255.8us	0.0	0s	0	0s	0.0	9.264300ms	101	9.264300ms	0.0	9.264300ms	101	9.264300ms	0.0	
422	3494	9	49144	131	0	878293.0	null	null	null	null	0	878293.0	0	878293.0	1.7976931348623157E308	0.0	253.4us	30	253.4us	0.0	253.4us	30	253.4us	0.0	0s	0	0s	0.0	9.096ms	101	9.096ms	0.0	9.096ms	101	9.096ms	0.0	
423	3504	9	49275	131	0	878293.0	null	null	null	null	0	878293.0	0	878293.0	1.7976931348623157E308	0.0	252.3us	30	252.3us	0.0	252.3us	30	252.3us	0.0	0s	0	0s	0.0	9.279100ms	101	9.279100ms	0.0	9.279100ms	101	9.279100ms	0.0	
424	3514	9	49406	131	0	878293.0	null	null	null	null	0	878293.0	0	878293.0	1.7976931348623157E308	0.0	249.7us	30	249.7us	0.0	249.7us	30	249.7us	0.0	0s	0	0s	0.0	9.131600ms	101	9.131600ms	0.0	9.131600ms	101	9.131600ms	0.0	
425	3524	9	49537	131	0	878293.0	null	null	null	null	0	878293.0	0	878293.0	1.7976931348623157E308	0.0	242us	30	242us	0.0	242us	30	242us	0.0	0s	0	0s	0.0	9.195600ms	101	9.195600ms	0.0	9.195600ms	101	9.195600ms	0.0	
426	3533	9	49668	131	0	878293.0	null	null	null	null	0	878293.0	0	878293.0	1.7976931348623157E308	0.0	251.9us	30	251.9us	0.0	251.9us	30	251.9us	0.0	0s	0	0s	0.0	9.191600ms	101	9.191600ms	0.0	9.191600ms	101	9.191600ms	0.0	
427	3543	9	49799	131	0	878293.0	null	null	null	null	0	878293.0	0	878293.0	1.7976931348623157E308	0.0	249.5us	30	249.5us	0.0	249.5us	30	249.5us	0.0	0s	0	0s	0.0	9.245400ms	101	9.245400ms	0.0	9.245400ms	101	9.245400ms	0.0	
428	3553	9	49930	131	0	878293.0	null	null	null	null	0	878293.0	0	878293.0	1.7976931348623157E308	0.0	255.5us	30	255.5us	0.0	255.5us	30	255.5us	0.0	0s	0	0s	0.0	9.545500ms	101	9.545500ms	0.0	9.545500ms	101	9.545500ms	0.0	
429	3563	9	50061	131	0	878293.0	null	null	null	null	0	878293.0	0	878293.0	1.7976931348623157E308	0.0	249us	30	249us	0.0	249us	30	249us	0.0	0s	0	0s	0.0	9.120300ms	101	9.120300ms	0.0	9.120300ms	101	9.120300ms	0.0	
